admin1Name_en,admin2Name_en,admin3Name_en,admin4Name_en,Shape *,Shape_Length,Shape_Area
Southern,Pujehun,Yakemu Kpukumu,Bagollay,Polygon,0.096624,0.000561
Southern,Pujehun,Yakemu Kpukumu,Bapawa,Polygon,0.266738,0.002302
Southern,Pujehun,Yakemu Kpukumu,Batowa,Polygon,0.247065,0.001171
Southern,Pujehun,Yakemu Kpukumu,Bekowa,Polygon,0.109459,0.000547
Southern,Pujehun,Yakemu Kpukumu,Deyombo,Polygon,0.121286,0.000911
Southern,Pujehun,Yakemu Kpukumu,Fortune,Polygon,0.141004,0.000731
Southern,Pujehun,Yakemu Kpukumu,Kpukumu,Polygon,0.356938,0.002449
Southern,Pujehun,Yakemu Kpukumu,Seiwoh,Polygon,0.19468,0.001814
Southern,Pujehun,Yakemu Kpukumu,Yabai,Polygon,0.185291,0.001608
Northern,Port Loko,Koya,Mathirie,Polygon,0.233526,0.00309
Northern,Port Loko,Bureh Kasseh Ma,Rogbla,Polygon,0.235714,0.001671
Southern,Pujehun,Panga Kabonde,Bakoi,Polygon,0.350381,0.004405
Southern,Pujehun,Galliness Perri,Jakema II,Polygon,0.31714,0.002921
Southern,Pujehun,Yakemu Kpukumu,Kemo-Bo,Polygon,0.121892,0.000894
Southern,Pujehun,Panga Kabonde,Banyande,Polygon,0.276786,0.0039
Southern,Pujehun,Galliness Perri,Pelegbulor,Polygon,0.385395,0.005507
Southern,Pujehun,Kpaka,Jassende Kpeima,Polygon,0.310661,0.003577
Southern,Pujehun,Kpaka,Jassende Masaoma,Polygon,0.267785,0.002116
Southern,Pujehun,Panga Kabonde,Kabonde,Polygon,0.249407,0.003445
Southern,Bonthe,Bum,Fikie,Polygon,0.217131,0.001915
Southern,Bo,Komboya,Tongowa,Polygon,0.281315,0.003368
Southern,Bo,Valunia,Vanjelu,Polygon,0.216973,0.002663
Southern,Pujehun,Barri,Dakona,Polygon,0.310417,0.004711
Southern,Bonthe,Bum,Gbengain,Polygon,0.261731,0.002398
Southern,Pujehun,Panga Kabonde,Kondogbe,Polygon,0.285209,0.002912
Northern,Port Loko,Buya Romende,Petifu Bana,Polygon,0.189039,0.002038
Southern,Bonthe,Bum,Gbondubum,Polygon,0.220159,0.001866
Northern,Kambia,Bramaia,Duramania,Polygon,0.201295,0.002275
Southern,Bonthe,Kpanda Kemo,Senjehun,Polygon,0.247497,0.002059
Southern,Bonthe,Kpanda Kemo,Sewama,Polygon,0.190705,0.001545
Southern,Bonthe,Kpanda Kemo,Taokunor,Polygon,0.192322,0.001928
Southern,Bonthe,Kwamebai Krim,Kwako Lanten,Polygon,0.151417,0.001259
Southern,Bonthe,Kwamebai Krim,Massa Settie,Polygon,0.216272,0.002974
Southern,Bonthe,Kwamebai Krim,Mosenten Sahen II,Polygon,0.299175,0.003203
Southern,Bonthe,Kwamebai Krim,Tubla,Polygon,0.275739,0.003782
Southern,Bonthe,Nongoba Bullom,Bohol,Polygon,0.376489,0.002791
Southern,Bonthe,Nongoba Bullom,Bullom,Polygon,0.326186,0.003698
Southern,Bonthe,Nongoba Bullom,Garinga,Polygon,0.402757,0.006291
Southern,Bonthe,Nongoba Bullom,Gbangbassa,Polygon,0.322149,0.003153
Southern,Bonthe,Nongoba Bullom,Gbap,Polygon,0.162212,0.001528
Southern,Bonthe,Nongoba Bullom,Hahun,Polygon,0.273632,0.002537
Southern,Bonthe,Nongoba Bullom,Kessie,Polygon,0.275075,0.003728
Southern,Bonthe,Nongoba Bullom,Manyime,Polygon,0.231447,0.002522
Southern,Bonthe,Nongoba Bullom,Pelewahun,Polygon,0.235247,0.002476
Southern,Bonthe,Nongoba Bullom,Salma,Polygon,0.253308,0.001906
Southern,Bonthe,Nongoba Bullom,Solon,Polygon,0.241879,0.003003
Southern,Bonthe,Nongoba Bullom,Torma Subu,Polygon,0.400685,0.008473
Southern,Bonthe,Sittia,Sahaya,Polygon,0.416767,0.006813
Southern,Bonthe,Sittia,Sahn-Gbegu,Polygon,0.242004,0.002749
Southern,Bonthe,Sittia,Sampoh,Polygon,0.207121,0.002459
Northern,Port Loko,Koya,Roponka,Polygon,0.233025,0.002047
Southern,Pujehun,Barri,Fallay,Polygon,0.434315,0.00751
Southern,Pujehun,Barri,Jougba,Polygon,0.421929,0.006302
Southern,Pujehun,Barri,Karjei,Polygon,0.238291,0.003071
Southern,Pujehun,Galliness Perri,Bondor,Polygon,0.22295,0.002725
Southern,Pujehun,Galliness Perri,Dabeni,Polygon,0.147508,0.001109
Southern,Pujehun,Barri,Laimba,Polygon,0.547772,0.005675
Southern,Pujehun,Barri,Malla,Polygon,0.222559,0.001004
Southern,Pujehun,Barri,Sonjour I,Polygon,0.278571,0.00384
Southern,Pujehun,Barri,Sonjour II,Polygon,0.333824,0.005796
Southern,Pujehun,Barri,Tetima,Polygon,0.240725,0.00213
Southern,Pujehun,Kpaka,Jassende Ngoleima,Polygon,0.12439,0.000683
Southern,Pujehun,Galliness Perri,Dakona,Polygon,0.404633,0.003795
Southern,Pujehun,Galliness Perri,Gendema I,Polygon,0.533258,0.009661
Southern,Pujehun,Galliness Perri,Gendema II,Polygon,0.169035,0.001266
Southern,Pujehun,Galliness Perri,Jakema I,Polygon,0.35984,0.003426
Southern,Pujehun,Yakemu Kpukumu,Kemo-wa,Polygon,0.103893,0.000456
Southern,Pujehun,Galliness Perri,Joya,Polygon,0.386495,0.007362
Southern,Pujehun,Galliness Perri,Kemokai,Polygon,0.279768,0.002682
Southern,Pujehun,Galliness Perri,Kortugbu,Polygon,0.249289,0.002841
Southern,Pujehun,Galliness Perri,Mallah,Polygon,0.229318,0.00175
Southern,Pujehun,Galliness Perri,Mewah,Polygon,0.290602,0.003511
Southern,Pujehun,Kpaka,Jassende Ngoleima,Polygon,0.394182,0.004389
Southern,Pujehun,Kpaka,Nyango - Njeigbla,Polygon,0.280775,0.001987
Southern,Pujehun,Kpaka,Nyango-Ngoleihun,Polygon,0.199653,0.001967
Southern,Pujehun,Kpaka,Parvu,Polygon,0.254292,0.002562
Southern,Pujehun,Kpaka,Sarbah,Polygon,0.47844,0.007613
Southern,Pujehun,Panga Kabonde,Lower Kayiemba,Polygon,0.172528,0.001545
Southern,Pujehun,Panga Kabonde,Samba,Polygon,0.41273,0.00602
Southern,Pujehun,Panga Kabonde,Upper Kayiemba,Polygon,0.377132,0.002371
Southern,Pujehun,Makpele,Kengo,Polygon,0.228007,0.001531
Southern,Pujehun,Panga Kabonde,Panga,Polygon,0.673977,0.007677
Southern,Pujehun,Panga Kabonde,Pessekeh,Polygon,0.242105,0.00264
Southern,Pujehun,Panga Kabonde,Setti-Yakanday,Polygon,0.340568,0.005844
Southern,Pujehun,Makpele,Samagbe,Polygon,0.78632,0.015639
Southern,Pujehun,Malen,Kakpanda,Polygon,0.244969,0.00303
Southern,Pujehun,Makpele,Seitua,Polygon,0.422725,0.003931
Southern,Pujehun,Mono Sakrim,Gbomotie,Polygon,0.18907,0.002
Southern,Pujehun,Makpele,Selimeh,Polygon,0.675821,0.011853
Southern,Pujehun,Malen,Bahoin,Polygon,0.173582,0.001541
Southern,Pujehun,Malen,Kahaimoh,Polygon,0.340211,0.004073
Southern,Pujehun,Malen,Kemoh,Polygon,0.239545,0.002712
Southern,Pujehun,Sowa,Sabba II,Polygon,0.270535,0.004065
Southern,Pujehun,Malen,Korwa,Polygon,0.234074,0.001762
Southern,Pujehun,Malen,Lower Pemba,Polygon,0.274935,0.002287
Southern,Pujehun,Malen,Seijeila,Polygon,0.236209,0.002114
Southern,Pujehun,Malen,Taukunor,Polygon,0.266939,0.002611
Southern,Pujehun,Mono Sakrim,Sowa,Polygon,0.231698,0.002876
Southern,Pujehun,Malen,Upper Pemba,Polygon,0.224622,0.002479
Southern,Pujehun,Mono Sakrim,Kemoh,Polygon,0.430854,0.003597
Southern,Pujehun,Mono Sakrim,Makpondo,Polygon,0.116662,0.000789
Southern,Pujehun,Mono Sakrim,Masanda Majagbe,Polygon,0.291637,0.003723
Southern,Pujehun,Mono Sakrim,Pullie,Polygon,0.17292,0.001191
Southern,Pujehun,Mono Sakrim,Sitta,Polygon,0.253048,0.003294
Southern,Pujehun,Panga krim,Fassei,Polygon,0.336735,0.003005
Eastern,Kailahun,Penguia,Nimima,Polygon,0.34013,0.006158
Southern,Pujehun,Panga krim,Pemagbie,Polygon,0.185575,0.001009
Southern,Pujehun,Panga krim,Samba,Polygon,0.145593,0.000955
Southern,Pujehun,Panga krim,Somasa,Polygon,0.189674,0.001752
Southern,Pujehun,Pejeh(Futa peje,Koilenga,Polygon,0.239161,0.0025
Southern,Pujehun,Pejeh(Futa peje,Pejeh East,Polygon,0.311363,0.00392
Southern,Pujehun,Pejeh(Futa peje,Pejeh West,Polygon,0.383247,0.004522
Southern,Pujehun,Soro Gbema,Kemokai,Polygon,0.266381,0.004015
Southern,Pujehun,Soro Gbema,Kengo,Polygon,0.354637,0.005531
Southern,Pujehun,Soro Gbema,Kiazombo,Polygon,0.474785,0.003973
Southern,Pujehun,Soro Gbema,Mano - River,Polygon,0.436201,0.008389
Southern,Pujehun,Soro Gbema,Massaquoi I,Polygon,0.310775,0.004097
Southern,Pujehun,Soro Gbema,Massaquoi II,Polygon,0.439313,0.007524
Southern,Pujehun,Soro Gbema,Moiwebu,Polygon,0.29628,0.00481
Southern,Pujehun,Sowa,Sabba I,Polygon,0.356219,0.006328
Southern,Pujehun,Sowa,Upper Geoma,Polygon,0.356732,0.005041
Southern,Pujehun,Soro Gbema,Zoker I,Polygon,0.544189,0.013006
Southern,Pujehun,Soro Gbema,Zoker II,Polygon,0.240465,0.00185
Southern,Pujehun,Soro Gbema,Zombo,Polygon,0.390509,0.006449
Southern,Pujehun,Sowa,Lower Geoma,Polygon,0.281572,0.003646
Southern,Bonthe,Bendu-Cha,Gba-Cha,Polygon,0.310279,0.002784
Southern,Bonthe,Bendu-Cha,Sokenteh,Polygon,0.337932,0.004459
Northern,Koinadugu,Sulima,Laylay,Polygon,0.13408,0.000706
Southern,Bonthe,Bendu-Cha,Tissagbe,Polygon,0.270385,0.002834
Southern,Bonthe,Bendu-Cha,Yallan-gbokie,Polygon,0.464369,0.009105
Southern,Bonthe,Bum,Koimato,Polygon,0.328905,0.00551
Southern,Bonthe,Bum,Lanje,Polygon,0.249123,0.002986
Southern,Bonthe,Bum,Tamba,Polygon,0.263024,0.003514
Southern,Bonthe,Bum,Torma,Polygon,0.318418,0.004662
Southern,Bonthe,Bum,Yargbe,Polygon,0.300843,0.003802
Southern,Bonthe,Kwamebai Krim,Tun-Tun Sullay,Polygon,0.316552,0.005953
Southern,Bonthe,Bum,Yawma,Polygon,0.291428,0.003406
Southern,Bonthe,Dema,Chepo,Polygon,0.213224,0.000807
Southern,Bonthe,Dema,Dema,Polygon,0.233253,0.001733
Southern,Bonthe,Dema,Yoh,Polygon,0.327972,0.003476
Southern,Bonthe,Kwamebai Krim,Yikie Karbay,Polygon,0.240063,0.002205
Southern,Bonthe,Dema,Turtle Islands,Polygon,0.730108,0.00117
Southern,Bonthe,Imperri,Babum,Polygon,0.321015,0.004002
Southern,Bonthe,Imperri,Bapus,Polygon,0.608812,0.008774
Southern,Bonthe,Imperri,Bigo,Polygon,0.365523,0.006984
Southern,Bonthe,Nongoba Bullom,Baoma,Polygon,0.253626,0.003115
Southern,Bonthe,Imperri,Moimaligie,Polygon,0.750846,0.014219
Southern,Bonthe,Jong,Basiaka,Polygon,0.404814,0.004374
Southern,Bonthe,Jong,Bayengbe,Polygon,0.13226,0.000961
Southern,Bonthe,Imperri,Sokrapan,Polygon,0.868487,0.011786
Southern,Bonthe,Jong,Beyinga,Polygon,0.2423,0.002894
Southern,Bonthe,Jong,Falewuja,Polygon,0.332094,0.003506
Southern,Bonthe,Jong,Kumabeh-Kwe,Polygon,0.339853,0.003818
Southern,Bonthe,Jong,Landi-Ngere,Polygon,0.464597,0.008583
Northern,Bombali,Sanda Loko,Timbo,Polygon,0.1144,0.000708
Southern,Bonthe,Jong,Sopan-Cleveland,Polygon,0.50583,0.004321
Southern,Bonthe,Jong,Tucker-Nyambe,Polygon,0.362522,0.00302
Southern,Bonthe,Kpanda Kemo,Bewoni,Polygon,0.286718,0.002382
Southern,Bonthe,Kpanda Kemo,Gbonge,Polygon,0.276306,0.003432
Southern,Bonthe,Sittia,Bamba,Polygon,0.259768,0.001631
Southern,Bonthe,Sittia,Gonoh,Polygon,0.483984,0.008488
Southern,Bonthe,Sittia,Kamai,Polygon,0.357913,0.005164
Southern,Bonthe,Sittia,Kwalloh,Polygon,0.376502,0.004488
Southern,Bonthe,Sittia,Moh,Polygon,0.405016,0.004382
Southern,Bonthe,Sittia,Ngepay,Polygon,0.319253,0.003136
Southern,Bonthe,Sittia,Saama,Polygon,0.245109,0.002085
Southern,Bonthe,Sittia,Yoni,Polygon,0.389804,0.003216
Southern,Bonthe,Sogbeni,Bakumba,Polygon,0.187123,0.001125
Southern,Bonthe,Sogbeni,Beyorgboh,Polygon,0.243621,0.002474
Southern,Bonthe,Sogbeni,Ndopie,Polygon,0.263428,0.003358
Southern,Bonthe,Sogbeni,Pengor,Polygon,0.37067,0.004188
Southern,Bonthe,Yawbeko,Baryegbe,Polygon,0.248797,0.003297
Southern,Bonthe,Yawbeko,Hahun,Polygon,0.200827,0.001263
Southern,Bonthe,Yawbeko,Ketaway,Polygon,0.268374,0.002995
Southern,Moyamba,Dasse,Semabu,Polygon,0.200904,0.002158
Southern,Bo,Selenga,Old Town,Polygon,0.255082,0.002976
Southern,Bonthe,Yawbeko,Mobulie,Polygon,0.425828,0.003251
Southern,Bonthe,Yawbeko,Yorma,Polygon,0.364406,0.005037
Southern,Moyamba,Bagruwa,Kawaya,Polygon,0.454992,0.005412
Southern,Bonthe,Bonthe Urban,Bonthe Town,Polygon,0.311917,0.001237
Southern,Moyamba,Bagruwa,Benduma,Polygon,0.36436,0.00679
Southern,Moyamba,Dasse,Bambuibu Tommy,Polygon,0.247299,0.002337
Southern,Moyamba,Bagruwa,Kigbai,Polygon,0.401375,0.00631
Southern,Moyamba,Bagruwa,Mani,Polygon,0.351913,0.006687
Southern,Moyamba,Dasse,Bongoya,Polygon,0.296681,0.002638
Southern,Moyamba,Bagruwa,Mokassi,Polygon,0.381816,0.008006
Southern,Moyamba,Bagruwa,Moseilolo,Polygon,0.280533,0.003461
Southern,Moyamba,Bumpeh,Bellentin,Polygon,0.396938,0.00384
Southern,Moyamba,Bagruwa,Palima,Polygon,0.510721,0.00673
Southern,Moyamba,Bagruwa,Sembehun,Polygon,0.369797,0.005551
Southern,Moyamba,Dasse,Wonkifore,Polygon,0.202841,0.001918
Southern,Moyamba,Bumpeh,Bumpeh,Polygon,0.3499,0.00429
Southern,Moyamba,Bumpeh,Greema,Polygon,0.31702,0.004746
Southern,Moyamba,Bumpeh,Saiama,Polygon,0.197633,0.001187
Southern,Moyamba,Bumpeh,Kassipoto,Polygon,0.384719,0.005002
Southern,Moyamba,Bumpeh,Mamu,Polygon,0.392183,0.006744
Southern,Moyamba,Dasse,Domboma,Polygon,0.215978,0.002719
Southern,Moyamba,Bumpeh,Massah,Polygon,0.347673,0.003765
Southern,Moyamba,Bumpeh,Moforay,Polygon,0.373757,0.006395
Southern,Moyamba,Bumpeh,Mokebbie,Polygon,0.283016,0.004272
Southern,Moyamba,Bumpeh,Motobon,Polygon,0.367764,0.003729
Southern,Moyamba,Bumpeh,Moyemi,Polygon,0.375373,0.002576
Southern,Moyamba,Dasse,Foya Tewei,Polygon,0.201828,0.0022
Southern,Moyamba,Bumpeh,Samu,Polygon,0.390376,0.005647
Southern,Moyamba,Bumpeh,Yengessa,Polygon,0.539453,0.006534
Southern,Moyamba,Dasse,Jayahun,Polygon,0.219214,0.001964
Southern,Moyamba,Dasse,Kenema,Polygon,0.284362,0.002466
Southern,Moyamba,Dasse,Mano,Polygon,0.084433,0.000452
Southern,Moyamba,Dasse,Niti Korley,Polygon,0.284253,0.002533
Southern,Moyamba,Dasse,Taninahun Gomoh,Polygon,0.315109,0.002347
Southern,Moyamba,Dasse,Taninahun Kapuima,Polygon,0.280947,0.002594
Southern,Moyamba,Dasse,Timindi,Polygon,0.2333,0.002129
Eastern,Kenema,Simbaru,Fallay,Polygon,0.281681,0.003551
Southern,Moyamba,Fakunya,Fakoi,Polygon,0.313318,0.003518
Southern,Moyamba,Fakunya,Gandorhun Central,Polygon,0.064763,0.000206
Southern,Moyamba,Fakunya,Kovella,Polygon,0.309751,0.004499
Eastern,Kenema,Gaura,Sandaru,Polygon,0.268711,0.004298
Southern,Moyamba,Fakunya,Kpangulgo,Polygon,0.372757,0.004942
Southern,Moyamba,Fakunya,Kunyafoi,Polygon,0.284413,0.002346
Southern,Moyamba,Fakunya,Maninga,Polygon,0.229077,0.00208
Southern,Moyamba,Fakunya,Njawa,Polygon,0.33665,0.004525
Southern,Moyamba,Fakunya,Songo,Polygon,0.416029,0.006137
Southern,Moyamba,Kagboro,Mobeh,Polygon,0.183237,0.001419
Southern,Moyamba,Fakunya,Tangbla,Polygon,0.386608,0.002609
Southern,Moyamba,Fakunya,To - Ndambalenga,Polygon,0.415158,0.005842
Eastern,Kailahun,Luawa,Mofindor,Polygon,0.276723,0.003959
Southern,Moyamba,Fakunya,Tullu,Polygon,0.319308,0.004959
Southern,Moyamba,Kagboro,Bendu A,Polygon,0.189862,0.00076
Southern,Moyamba,Kagboro,Gbuallay,Polygon,0.259862,0.00179
Eastern,Kenema,Gaura,Sembehun,Polygon,0.515645,0.009894
Southern,Moyamba,Kagboro,Bendu B,Polygon,0.346664,0.003632
Southern,Moyamba,Kagboro,Bumpetoke,Polygon,0.209324,0.00131
Southern,Moyamba,Kagboro,Mano,Polygon,0.127819,0.000868
Southern,Moyamba,Kagboro,Konolor,Polygon,0.352201,0.00416
Southern,Moyamba,Kagboro,Mambo,Polygon,0.41976,0.006158
Southern,Moyamba,Kagboro,Mofuss,Polygon,0.270076,0.003126
Southern,Moyamba,Kagboro,Mokandor,Polygon,0.399408,0.004866
Eastern,Kenema,Kandu Leppiama,Borley,Polygon,0.253234,0.00239
Southern,Moyamba,Kagboro,Mokebe,Polygon,0.286385,0.002619
Southern,Moyamba,Kagboro,Mokobo,Polygon,0.273703,0.002657
Southern,Moyamba,Kagboro,Rembe,Polygon,0.190119,0.001358
Northern,Port Loko,Bureh Kasseh Ma,Mamanka,Polygon,0.235917,0.001255
Southern,Moyamba,Kagboro,Mopaileh,Polygon,0.309026,0.002482
Southern,Moyamba,Kagboro,Moyah,Polygon,0.158072,0.001209
Southern,Moyamba,Kagboro,Moyibo,Polygon,0.146281,0.001174
Southern,Moyamba,Kagboro,Ngiehun,Polygon,0.226638,0.002226
Southern,Moyamba,Kagboro,Tassoh,Polygon,0.423516,0.005625
Southern,Moyamba,Kowa,Moforay,Polygon,0.282785,0.002522
Southern,Moyamba,Kagboro,Thumba A,Polygon,0.437123,0.003541
Southern,Moyamba,Kagboro,Thumba B,Polygon,0.144917,0.000596
Southern,Moyamba,Kowa,Tabe,Polygon,0.173152,0.001054
Southern,Moyamba,Kagboro,Yondu,Polygon,0.4521,0.005187
Southern,Moyamba,Kaiyamba,Angigboya,Polygon,0.438595,0.007745
Southern,Moyamba,Kaiyamba,Koromboya,Polygon,0.497396,0.006059
Southern,Moyamba,Lower Banta,Mofindoh,Polygon,0.20194,0.002523
Southern,Moyamba,Kaiyamba,Kpange,Polygon,0.278188,0.0036
Southern,Moyamba,Kaiyamba,Lungili,Polygon,0.326918,0.004051
Southern,Moyamba,Kongbora,Mobonor,Polygon,0.360627,0.003794
Southern,Moyamba,Kaiyamba,Mendegelema,Polygon,0.332654,0.004941
Southern,Moyamba,Kaiyamba,Waliwahun,Polygon,0.425797,0.00717
Eastern,Kailahun,Penguia,Lombama,Polygon,0.278231,0.003252
Southern,Moyamba,Kaiyamba,Mosoe,Polygon,0.397101,0.005438
Southern,Moyamba,Kamajei,Kowama,Polygon,0.354395,0.005087
Southern,Moyamba,Kamajei,Mogbuama,Polygon,0.400068,0.008973
Southern,Moyamba,Kamajei,Ngiegombu,Polygon,0.310511,0.002574
Southern,Moyamba,Kamajei,Ngoahun,Polygon,0.315312,0.006335
Southern,Moyamba,Kamajei,Tawovehun,Polygon,0.556735,0.005919
Southern,Moyamba,Kongbora,Gibina,Polygon,0.164426,0.001489
Southern,Moyamba,Kongbora,Gondama,Polygon,0.211263,0.002662
Eastern,Kenema,Langrama,Korjei,Polygon,0.258239,0.001759
Southern,Moyamba,Kongbora,Mokorewo,Polygon,0.458265,0.005464
Southern,Moyamba,Kongbora,Mongere,Polygon,0.389517,0.004377
Southern,Bo,Bagbo,Kpangbalia,Polygon,0.199758,0.002395
Southern,Moyamba,Kongbora,Mosongla,Polygon,0.294494,0.003241
Southern,Moyamba,Kongbora,Mowoto,Polygon,0.142461,0.001242
Southern,Moyamba,Kongbora,Senehun,Polygon,0.247423,0.003242
Southern,Moyamba,Kongbora,Taninihun,Polygon,0.191551,0.002106
Southern,Moyamba,Kongbora,Tongieh,Polygon,0.298976,0.003426
Southern,Moyamba,Kori,Zone - 1,Polygon,0.452148,0.008421
Southern,Moyamba,Kori,Zone - 2,Polygon,0.440882,0.007373
Southern,Moyamba,Kori,Zone - 3,Polygon,0.541791,0.012507
Southern,Moyamba,Kori,Zone - 4,Polygon,0.495965,0.006597
Southern,Moyamba,Kori,Zone - 5,Polygon,0.438119,0.00604
Southern,Moyamba,Kori,Zone - 6,Polygon,0.525684,0.005973
Southern,Moyamba,Kori,Zone - 7,Polygon,0.564304,0.007519
Southern,Moyamba,Kowa,Kpandobu,Polygon,0.258563,0.002666
Eastern,Kenema,Dama,Fowai,Polygon,0.32478,0.004984
Southern,Moyamba,Kowa,Mosumana,Polygon,0.256821,0.002591
Southern,Moyamba,Kowa,Ngiyeiya,Polygon,0.151176,0.001306
Southern,Moyamba,Kowa,Njagbahun,Polygon,0.327672,0.003602
Southern,Moyamba,Kowa,Njama,Polygon,0.192839,0.001544
Southern,Moyamba,Kowa,Tawoveihun,Polygon,0.308867,0.002851
Southern,Moyamba,Lower Banta,Bengelloh,Polygon,0.34737,0.004534
Southern,Moyamba,Lower Banta,Mokotawa,Polygon,0.299661,0.003499
Southern,Moyamba,Lower Banta,Gbangbatoke,Polygon,0.607156,0.008073
Southern,Moyamba,Lower Banta,Largoh,Polygon,0.36362,0.004894
Northern,Kambia,Bramaia,Kukuna,Polygon,0.11583,0.000624
Southern,Moyamba,Lower Banta,Ndendemoya,Polygon,0.308245,0.004497
Southern,Moyamba,Lower Banta,Ngolala,Polygon,0.294762,0.003181
Southern,Moyamba,Lower Banta,Njagbahun,Polygon,0.311258,0.004527
Southern,Moyamba,Lower Banta,Wulbange,Polygon,0.3458,0.005066
Southern,Moyamba,Ribbi,Kentineh,Polygon,0.412267,0.003918
Southern,Moyamba,Ribbi,Makera,Polygon,0.238019,0.002565
Eastern,Kenema,Dama,Klajie,Polygon,0.272724,0.003376
Southern,Moyamba,Ribbi,Masanka,Polygon,0.346701,0.004069
Southern,Moyamba,Ribbi,Masarakulay,Polygon,0.566214,0.00927
Southern,Moyamba,Ribbi,Motonkoh,Polygon,0.279469,0.003203
Southern,Moyamba,Ribbi,Mobureh,Polygon,0.457663,0.008204
Southern,Moyamba,Ribbi,Motoni,Polygon,0.437353,0.005489
Southern,Bo,Boama,Kimaya,Polygon,0.195653,0.001753
Southern,Moyamba,Ribbi,Upper Ribbi,Polygon,0.478926,0.00528
Southern,Moyamba,Ribbi,Yoni,Polygon,0.324233,0.003876
Eastern,Kenema,Dodo,Karteh,Polygon,0.24201,0.002703
Southern,Moyamba,Timdale,Bembellor,Polygon,0.254541,0.002062
Southern,Moyamba,Timdale,Gambia,Polygon,0.162441,0.000779
Southern,Moyamba,Timdale,Gbehan,Polygon,0.331469,0.002799
Southern,Moyamba,Timdale,Kamasunu,Polygon,0.257895,0.002037
Southern,Moyamba,Timdale,Kambotoke,Polygon,0.397289,0.00546
Eastern,Kenema,Gaura,Mendekelema,Polygon,0.353165,0.003663
Southern,Moyamba,Timdale,Kebail,Polygon,0.241525,0.001478
Southern,Moyamba,Timdale,Mandu,Polygon,0.315334,0.004139
Southern,Moyamba,Timdale,Mye,Polygon,0.138222,0.001131
Southern,Moyamba,Timdale,Nonkoba,Polygon,0.326856,0.003039
Southern,Moyamba,Timdale,Sahan,Polygon,0.160938,0.001128
Southern,Moyamba,Timdale,Tombeh,Polygon,0.16952,0.001258
Southern,Moyamba,Timdale,Yapoma,Polygon,0.209054,0.002333
Southern,Moyamba,Upper Banta,Bei-Kelleh,Polygon,0.294561,0.004074
Southern,Moyamba,Upper Banta,Kenafallay,Polygon,0.259249,0.002849
Southern,Moyamba,Upper Banta,Kepay,Polygon,0.215625,0.002576
Southern,Moyamba,Upper Banta,Mogongbe,Polygon,0.212501,0.002506
Southern,Moyamba,Upper Banta,Songbo,Polygon,0.356104,0.003898
Eastern,Kenema,Dama,Dakowa,Polygon,0.372492,0.006355
Eastern,Kenema,Dama,Danyadejo,Polygon,0.435716,0.004981
Eastern,Kenema,Dama,Dassama,Polygon,0.275543,0.004102
Eastern,Kenema,Dama,Lower Dabor,Polygon,0.338753,0.006184
Eastern,Kenema,Dama,Upper Dabor,Polygon,0.249148,0.002955
Eastern,Kenema,Dodo,Bambara,Polygon,0.233607,0.002643
Eastern,Kenema,Dodo,Bonya,Polygon,0.21106,0.002351
Eastern,Kenema,Dodo,Bundoryama,Polygon,0.316402,0.004037
Eastern,Kenema,Dodo,Gorama,Polygon,0.329142,0.005977
Eastern,Kenema,Dodo,Korgay,Polygon,0.400791,0.005491
Eastern,Kenema,Dodo,Seiwor,Polygon,0.271523,0.00341
Eastern,Kenema,Gaura,Giebu,Polygon,0.275036,0.004231
Eastern,Kenema,Gaura,Joru,Polygon,0.401924,0.006285
Eastern,Kenema,Gaura,Kokoru,Polygon,0.286479,0.004252
Eastern,Kenema,Gorama Mende,Biatong,Polygon,0.562634,0.015177
Eastern,Kenema,Gorama Mende,Famanjo,Polygon,0.508106,0.011749
Eastern,Kenema,Gorama Mende,Kaklawa,Polygon,0.467625,0.006893
Eastern,Kenema,Gorama Mende,Kualley,Polygon,0.662524,0.020225
Eastern,Kenema,Kandu Leppiama,Gboro-Lokoma,Polygon,0.375011,0.006153
Eastern,Kenema,Kandu Leppiama,Karga,Polygon,0.21273,0.002126
Eastern,Kenema,Kandu Leppiama,Sonnie,Polygon,0.476594,0.007839
Northern,Kambia,Bramaia,Laminaia,Polygon,0.189239,0.001553
Eastern,Kenema,Koya,Joi,Polygon,0.534399,0.008976
Eastern,Kenema,Koya,Koya Gbundohun,Polygon,0.440555,0.010741
Eastern,Kenema,Koya,Menima,Polygon,0.255277,0.001995
Eastern,Kenema,Koya,Serabu,Polygon,0.24434,0.002946
Eastern,Kenema,Koya,Upper Koya,Polygon,0.282788,0.004867
Northern,Kambia,Bramaia,Sansangie,Polygon,0.109212,0.000469
Eastern,Kenema,Langrama,Njeiwoma,Polygon,0.246671,0.002659
Eastern,Kenema,Lower Bambara,Bonya,Polygon,1.030263,0.02656
Eastern,Kenema,Lower Bambara,Korjei Ngieya,Polygon,0.361201,0.004837
Northern,Kambia,Bramaia,Seduya,Polygon,0.106622,0.000434
Eastern,Kenema,Lower Bambara,Fallay,Polygon,0.49372,0.006325
Eastern,Kenema,Lower Bambara,Gboro,Polygon,0.458828,0.005204
Eastern,Kenema,Lower Bambara,Korjei Buima,Polygon,0.214863,0.002612
Eastern,Kenema,Malegohun,Konjo Buiima,Polygon,0.279161,0.003264
Eastern,Kenema,Lower Bambara,Nyawa,Polygon,0.340253,0.005234
Eastern,Kenema,Lower Bambara,Sei,Polygon,0.319363,0.005596
Eastern,Kenema,Malegohun,Hulorhun Njagbudor,Polygon,0.209517,0.001953
Eastern,Kenema,Malegohun,Hulorhun Njeigor,Polygon,0.251452,0.003133
Eastern,Kenema,Malegohun,Konjo Njeigor,Polygon,0.213452,0.00172
Eastern,Kenema,Malegohun,Konjo Yematanga,Polygon,0.329779,0.004629
Eastern,Kenema,Malegohun,Lower Torgboma,Polygon,0.192073,0.001842
Eastern,Kenema,Malegohun,Upper Torgboma,Polygon,0.246105,0.003115
Eastern,Kenema,Niawa,Bandawor,Polygon,0.265823,0.002847
Eastern,Kenema,Niawa,Kpatawa,Polygon,0.213562,0.002784
Eastern,Kailahun,Njaluahun,Gboo,Polygon,0.18677,0.001382
Eastern,Kenema,Niawa,Mabondor,Polygon,0.394057,0.005296
Eastern,Kenema,Niawa,Niawa,Polygon,0.420471,0.007265
Eastern,Kenema,Niawa,Vaama,Polygon,0.200979,0.002127
Eastern,Kenema,Nomo,Faama,Polygon,0.339192,0.005498
Eastern,Kenema,Nomo,Ngiebu,Polygon,0.543631,0.011138
Eastern,Kenema,Nongowa,Dagbanya,Polygon,0.479149,0.00655
Eastern,Kenema,Nongowa,Dakpana,Polygon,0.498159,0.00514
Eastern,Kenema,Nongowa,Kona Foiya,Polygon,0.366719,0.004237
Eastern,Kenema,Simbaru,Bundoryama,Polygon,0.406695,0.007008
Eastern,Kenema,Nongowa,Gbo Kakajama B,Polygon,0.455186,0.006072
Eastern,Kenema,Nongowa,Kona Kpindibu,Polygon,0.569503,0.012075
Eastern,Kenema,Nongowa,Gbo Lambayama B,Polygon,0.405782,0.007842
Eastern,Kenema,Nongowa,Kagbado Kamboima,Polygon,0.398069,0.007328
Eastern,Kenema,Nongowa,Kagbado Njeigbla,Polygon,0.189163,0.001912
Eastern,Kenema,Simbaru,Fonde,Polygon,0.371961,0.006999
Eastern,Kenema,Simbaru,Yalenga,Polygon,0.29787,0.00459
Eastern,Kenema,Small Bo,Fallay,Polygon,0.201957,0.001542
Eastern,Kenema,Small Bo,Gorama,Polygon,0.366945,0.00573
Eastern,Kenema,Wandor,Niawa,Polygon,0.334749,0.003268
Eastern,Kenema,Small Bo,Kamboma,Polygon,0.516587,0.011668
Eastern,Kenema,Small Bo,Niawa,Polygon,0.447253,0.006612
Eastern,Kenema,Small Bo,Sowa,Polygon,0.559194,0.009528
Eastern,Kenema,Wandor,Songhai,Polygon,0.303201,0.004435
Eastern,Kenema,Tunkia,Daru,Polygon,0.512537,0.01265
Eastern,Kenema,Tunkia,Gegbwema,Polygon,0.276703,0.00236
Eastern,Kenema,Tunkia,Giewoma,Polygon,0.336408,0.005326
Eastern,Kenema,Tunkia,Jewahun,Polygon,0.245813,0.002598
Eastern,Kenema,Wandor,Tongorwa,Polygon,0.269426,0.004918
Northern,Kambia,Bramaia,Shekaia,Polygon,0.138071,0.000809
Eastern,Kenema,Tunkia,Kuawuma,Polygon,0.590803,0.010181
Eastern,Kenema,Tunkia,Taninahun,Polygon,0.240213,0.002862
Eastern,Kenema,Wandor,Boryongor,Polygon,0.361329,0.005424
Eastern,Kenema,Wandor,Gbogbeima,Polygon,0.392437,0.004646
Eastern,Kenema,Wandor,Kemoh,Polygon,0.291291,0.003523
Eastern,Kenema,Kenema Town,Airfield,Polygon,0.061361,0.000067
Eastern,Kenema,Kenema Town,Gbo Kakajama A-Bur,Polygon,0.045862,0.000105
Eastern,Kenema,Kenema Town,Gbo Kakajama A-Lum,Polygon,0.054046,0.000086
Eastern,Kailahun,Penguia,Bulima,Polygon,0.310028,0.004363
Eastern,Kenema,Kenema Town,Gbo Lambayama A-Le,Polygon,0.039893,0.000047
Eastern,Kenema,Kenema Town,Gbo Lambayama A-Re,Polygon,0.081216,0.000288
Eastern,Kenema,Kenema Town,Gbo Kakajama A-Tec,Polygon,0.051203,0.000123
Eastern,Kenema,Kenema Town,Gbo Kakajama A-Nja,Polygon,0.027286,0.000049
Eastern,Kenema,Kenema Town,Gbo Kakajama A-Kpa,Polygon,0.047017,0.000087
Eastern,Kenema,Kenema Town,Gbo Kakajama A-Kis,Polygon,0.060861,0.000167
Northern,Kambia,Bramaia,Sulaimania,Polygon,0.085095,0.000428
Eastern,Kenema,Kenema Town,Gbo Kakajama A-Shi,Polygon,0.053833,0.00013
Eastern,Kenema,Kenema Town,Gbo Lambayama A-Nd,Polygon,0.058412,0.000041
Eastern,Kenema,Kenema Town,Gbo Lambayama A-Ny,Polygon,0.076112,0.000137
Eastern,Kenema,Kenema Town,Gbo Lambayama A-Fo,Polygon,0.043743,0.000073
Eastern,Kenema,Kenema Town,Gbo Kakajama A-Lam,Polygon,0.085148,0.000223
Eastern,Kenema,Kenema Town,Gbo Lambayama A-Go,Polygon,0.036119,0.000054
Eastern,Kenema,Kenema Town,Gbo Lambayama A-RT,Polygon,0.026212,0.000036
Eastern,Kailahun,Penguia,Kumatandu,Polygon,0.244186,0.002648
Eastern,Kenema,Kenema Town,Gbo Lambayama A-Ko,Polygon,0.052016,0.000137
Eastern,Kailahun,Dea,Baiwalla,Polygon,0.33682,0.003119
Eastern,Kailahun,Dea,Dodo,Polygon,0.205654,0.002358
Eastern,Kailahun,Dea,Sakiema,Polygon,0.228937,0.00195
Eastern,Kailahun,Dea,Sienga,Polygon,0.263573,0.004096
Northern,Port Loko,Koya,Mahera,Polygon,0.184868,0.001735
Eastern,Kailahun,Jawie,Bobor,Polygon,0.34765,0.004135
Eastern,Kailahun,Jawie,Kaio,Polygon,0.179229,0.001947
Eastern,Kailahun,Jawie,Lower Giebu,Polygon,0.504162,0.008092
Eastern,Kailahun,Jawie,Lower Luyengeh,Polygon,0.294986,0.003144
Eastern,Kailahun,Jawie,Mano,Polygon,0.213825,0.002506
Northern,Kambia,Bramaia,Teneba Bramaia,Polygon,0.145409,0.000878
Eastern,Kailahun,Jawie,Sowa,Polygon,0.264303,0.003974
Eastern,Kailahun,Jawie,Upper Giebu,Polygon,0.224479,0.002608
Eastern,Kailahun,Jawie,Upper Luyengeh,Polygon,0.316137,0.002912
Eastern,Kailahun,Kissi Kama,Dakaleley,Polygon,0.176007,0.00145
Eastern,Kailahun,Kissi Kama,Kama Teng,Polygon,0.276745,0.003521
Eastern,Kailahun,Luawa,Gao,Polygon,0.409876,0.007784
Eastern,Kailahun,Kissi Kama,Kama Toh,Polygon,0.294789,0.003616
Eastern,Kailahun,Kissi Teng,Bumasadu,Polygon,0.402892,0.004168
Eastern,Kailahun,Kissi Teng,Konio,Polygon,0.288036,0.001793
Eastern,Kailahun,Kissi Teng,Kundu,Polygon,0.150229,0.001056
Eastern,Kailahun,Luawa,Mano-Sewallu,Polygon,0.254965,0.003393
Eastern,Kailahun,Kissi Teng,Lela,Polygon,0.611997,0.005273
Eastern,Kailahun,Kissi Teng,Torli,Polygon,0.171087,0.001195
Eastern,Kailahun,Kissi Tongi,Bende Bengu,Polygon,0.130778,0.000735
Eastern,Kailahun,Kissi Tongi,Tongi Tingi,Polygon,0.497701,0.011445
Eastern,Kailahun,Kissi Tongi,Konio,Polygon,0.664347,0.005374
Eastern,Kailahun,Kissi Tongi,Pokorli,Polygon,0.337896,0.003814
Eastern,Kailahun,Kpeje Bongre,Bongre,Polygon,0.191246,0.001615
Eastern,Kailahun,Kpeje Bongre,Borkou,Polygon,0.291678,0.001254
Eastern,Kailahun,Kpeje Bongre,Falloh,Polygon,0.247818,0.002963
Eastern,Kailahun,Kpeje Bongre,Jorwu,Polygon,0.242784,0.00285
Eastern,Kailahun,Kpeje Bongre,Manowa,Polygon,0.111266,0.00069
Eastern,Kailahun,Kpeje Bongre,Marwei,Polygon,0.193337,0.001815
Eastern,Kailahun,Luawa,Mende Buima,Polygon,0.277231,0.002812
Eastern,Kailahun,Kpeje Bongre,Seimaya,Polygon,0.315598,0.003565
Eastern,Kailahun,Kpeje West,Bunumbu,Polygon,0.345686,0.004613
Eastern,Kailahun,Kpeje West,Golama,Polygon,0.277255,0.004464
Eastern,Kailahun,Kpeje West,Kpaewa,Polygon,0.161612,0.001481
Eastern,Kailahun,Kpeje West,Kpindima,Polygon,0.191314,0.002282
Eastern,Kailahun,Luawa,Baoma,Polygon,0.28366,0.003975
Eastern,Kailahun,Luawa,Gbela,Polygon,0.441512,0.007102
Eastern,Kailahun,Luawa,Giehun,Polygon,0.32365,0.005876
Eastern,Kailahun,Luawa,Lower Kpombali,Polygon,0.291102,0.002846
Eastern,Kailahun,Luawa,Luawa Foguiya,Polygon,0.55159,0.01058
Eastern,Kailahun,Luawa,Upper Kpombali,Polygon,0.409878,0.009409
Eastern,Kailahun,Malema,Bamburu,Polygon,0.637048,0.016569
Eastern,Kailahun,Malema,Njagbla,Polygon,0.425917,0.0063
Eastern,Kailahun,Malema,Pelegbambeima,Polygon,0.661884,0.014645
Eastern,Kailahun,Malema,Upper Sami,Polygon,0.312073,0.003044
Eastern,Kailahun,Mandu,Gbongre,Polygon,0.260956,0.003383
Eastern,Kailahun,Mandu,Levuma Jeigbla,Polygon,0.283885,0.002673
Eastern,Kailahun,Mandu,Lower Kuiva,Polygon,0.267434,0.003566
Eastern,Kailahun,Njaluahun,Jonga,Polygon,0.247392,0.002533
Eastern,Kailahun,Mandu,Upper Kuiva,Polygon,0.452564,0.00718
Eastern,Kailahun,Njaluahun,Bombowa,Polygon,0.225552,0.002263
Eastern,Kailahun,Njaluahun,Dan Sei,Polygon,0.181828,0.001572
Eastern,Kailahun,Njaluahun,Falley,Polygon,0.246433,0.003414
Eastern,Kailahun,Njaluahun,Fauya,Polygon,0.246219,0.002372
Northern,Kambia,Bramaia,Turaya,Polygon,0.214594,0.001443
Eastern,Kailahun,Njaluahun,Kargbu,Polygon,0.263268,0.002687
Eastern,Kailahun,Njaluahun,Keimaya,Polygon,0.252553,0.003226
Eastern,Kailahun,Njaluahun,Lower Nyawa,Polygon,0.196252,0.002105
Eastern,Kailahun,Njaluahun,Sei I,Polygon,0.233612,0.002126
Eastern,Kailahun,Njaluahun,Sei II,Polygon,0.195797,0.001833
Eastern,Kailahun,Njaluahun,Upper Nyawa,Polygon,0.166703,0.001296
Northern,Kambia,Gbinle Dixing,Gbinle,Polygon,0.109272,0.000668
Eastern,Kailahun,Upper Bambara,Bambara,Polygon,0.297963,0.003342
Eastern,Kailahun,Upper Bambara,Bomaru-guma,Polygon,0.277186,0.002423
Eastern,Kailahun,Upper Bambara,Goleiwoma,Polygon,0.366761,0.003936
Southern,Bo,Jaiama Bongor,Lower Baimba,Polygon,0.259695,0.002873
Southern,Bo,Bagbo,Mano,Polygon,0.27643,0.002738
Eastern,Kailahun,Upper Bambara,Golu,Polygon,0.356921,0.003655
Eastern,Kailahun,Upper Bambara,Korbu,Polygon,0.24698,0.002334
Eastern,Kailahun,Upper Bambara,Naiahun,Polygon,0.269616,0.00278
Eastern,Kailahun,Yawei,Bendu,Polygon,0.284478,0.004198
Eastern,Kailahun,Yawei,Kuiva Buima,Polygon,0.298727,0.002867
Eastern,Kailahun,Yawei,Kuiva Jagor,Polygon,0.355198,0.004481
Eastern,Kailahun,Yawei,Kuivawa,Polygon,0.425719,0.004535
Southern,Bo,Badjia,Damai,Polygon,0.271537,0.003314
Southern,Bo,Badjia,Fallay,Polygon,0.16315,0.001251
Southern,Bo,Badjia,Kpallay,Polygon,0.283668,0.003334
Southern,Bo,Bagbo,Niagorehun,Polygon,0.226602,0.002181
Southern,Bo,Badjia,Njargbahun,Polygon,0.369425,0.004683
Southern,Bo,Badjia,Sei,Polygon,0.260126,0.003193
Southern,Bo,Bagbo,Bum,Polygon,0.181771,0.001329
Southern,Bo,Bagbo,Gorapon,Polygon,0.229618,0.00197
Southern,Bo,Bagbo,Jimmi,Polygon,0.419457,0.008141
Southern,Bo,Bagbo,Tissana,Polygon,0.286635,0.003838
Southern,Bo,Bagbwe(Bagbe),Jongo,Polygon,0.311728,0.003819
Southern,Bo,Bagbwe(Bagbe),Kemoh,Polygon,0.249415,0.003205
Southern,Bo,Bagbwe(Bagbe),Niawa,Polygon,0.201197,0.002087
Southern,Bo,Bagbwe(Bagbe),Nyallay,Polygon,0.372816,0.004986
Southern,Bo,Bagbwe(Bagbe),Samawa,Polygon,0.299435,0.004925
Southern,Bo,Boama,Bambawo,Polygon,0.554159,0.007947
Southern,Bo,Boama,Fallay,Polygon,0.21045,0.002877
Southern,Bo,Boama,Lower Pataloo,Polygon,0.241903,0.003535
Southern,Bo,Jaiama Bongor,Upper Kama,Polygon,0.322819,0.003629
Southern,Bo,Boama,Mawojeh,Polygon,0.341814,0.003296
Southern,Bo,Boama,Njeima,Polygon,0.329725,0.003557
Southern,Bo,Boama,Sonnah,Polygon,0.305594,0.004186
Southern,Bo,Boama,Upper Pataloo,Polygon,0.461775,0.005447
Southern,Bo,Komboya,Kemoh,Polygon,0.269561,0.003654
Southern,Bo,Bumpe Ngao,Bongo,Polygon,0.192218,0.002055
Southern,Bo,Bumpe Ngao,Bumpe,Polygon,0.771693,0.023559
Southern,Bo,Bumpe Ngao,Foya,Polygon,0.25454,0.003119
Southern,Bo,Bumpe Ngao,Kpetema,Polygon,0.603558,0.006918
Southern,Bo,Bumpe Ngao,Sahn,Polygon,0.391088,0.006529
Southern,Bo,Bumpe Ngao,Serabu,Polygon,0.322233,0.00523
Southern,Bo,Bumpe Ngao,Sewama,Polygon,0.398444,0.007173
Southern,Bo,Bumpe Ngao,Taninahun,Polygon,0.557466,0.014876
Southern,Bo,Gbo,Nyawa,Polygon,0.333898,0.005557
Southern,Bo,Bumpe Ngao,Walihun,Polygon,0.45286,0.005316
Southern,Bo,Bumpe Ngao,Yengema,Polygon,0.244985,0.002513
Southern,Bo,Gbo,Gbo,Polygon,0.381825,0.006008
Southern,Bo,Gbo,Maryu,Polygon,0.356393,0.004015
Southern,Bo,Jaiama Bongor,Lower Kama,Polygon,0.381368,0.004563
Southern,Bo,Jaiama Bongor,Lower Niawa,Polygon,0.497266,0.007201
Southern,Bo,Jaiama Bongor,Nekpondo,Polygon,0.145325,0.001093
Southern,Bo,Jaiama Bongor,Tongowa,Polygon,0.400224,0.00678
Southern,Bo,Jaiama Bongor,Upper Baimba,Polygon,0.227402,0.002748
Southern,Bo,Jaiama Bongor,Upper Niawa,Polygon,0.434329,0.007203
Southern,Bo,Kakua,Korjeh,Polygon,0.211547,0.001358
Southern,Bo,Kakua,Kpandobu,Polygon,0.335256,0.004421
Southern,Bo,Komboya,Mangaru,Polygon,0.309151,0.006287
Southern,Bo,Komboya,Sei,Polygon,0.210337,0.002304
Southern,Bo,Kakua,Nguabu,Polygon,0.38224,0.004998
Southern,Bo,Kakua,Nyallay,Polygon,0.268009,0.003613
Southern,Bo,Kakua,Nyawa,Polygon,0.263202,0.00239
Southern,Bo,Komboya,Keisua,Polygon,0.331031,0.004651
Northern,Tonkolili,Kalansogoia,Kamakathie,Polygon,0.197688,0.002136
Southern,Bo,Kakua,Samamie,Polygon,0.279655,0.003321
Southern,Bo,Kakua,Sewa,Polygon,0.356603,0.005049
Southern,Bo,Kakua,Sindeh,Polygon,0.184611,0.002364
Northern,Port Loko,Marampa,Lunsar-Robis,Polygon,0.052208,0.000116
Southern,Bo,Lugbu,Gao,Polygon,0.268446,0.004012
Southern,Bo,Lugbu,Kamba,Polygon,0.271712,0.003045
Southern,Bo,Lugbu,Kargbevu,Polygon,0.294598,0.004353
Southern,Bo,Lugbu,Kemoh,Polygon,0.255221,0.002743
Southern,Bo,Tikonko,Bainyawa,Polygon,0.215265,0.002472
Southern,Bo,Lugbu,Magbao,Polygon,0.331132,0.004182
Southern,Bo,Lugbu,Yorma,Polygon,0.238155,0.002457
Northern,Tonkolili,Kalansogoia,Kamakilla,Polygon,0.28606,0.004087
Southern,Bo,Niawa Lenga,Baimba,Polygon,0.325659,0.005063
Southern,Bo,Tikonko,Mambawa,Polygon,0.205066,0.002182
Southern,Bo,Niawa Lenga,Lower Niawa,Polygon,0.519361,0.005654
Southern,Bo,Niawa Lenga,Upper Niawa,Polygon,0.286154,0.003662
Southern,Bo,Niawa Lenga,Yalenga,Polygon,0.300517,0.005356
Southern,Bo,Selenga,Kaduawo,Polygon,0.269781,0.001926
Southern,Bo,Selenga,Mokpendeh,Polygon,0.330194,0.003028
Southern,Bo,Tikonko,Morku,Polygon,0.27193,0.002885
Northern,Port Loko,Maforki,Magbankitha,Polygon,0.197166,0.00145
Southern,Bo,Tikonko,Ngolamajie,Polygon,0.360381,0.006738
Southern,Bo,Tikonko,Njagbla I,Polygon,0.265123,0.002093
Southern,Bo,Valunia,Yarlenga,Polygon,0.354579,0.006003
Southern,Bo,Tikonko,Njagbla II,Polygon,0.384976,0.004067
Southern,Bo,Valunia,Deilenga,Polygon,0.664232,0.02134
Southern,Bo,Valunia,Kendebu,Polygon,0.403049,0.006904
Southern,Bo,Wonde,Central Kargoi,Polygon,0.306098,0.003396
Southern,Bo,Tikonko,Seiwa,Polygon,0.826624,0.018728
Southern,Bo,Tikonko,Sendeh,Polygon,0.235166,0.002448
Northern,Port Loko,Maforki,Magbengbeh,Polygon,0.140795,0.000671
Southern,Bo,Valunia,Lunia,Polygon,0.872674,0.021655
Southern,Bo,Valunia,Ngovo,Polygon,0.277829,0.003972
Southern,Bo,Valunia,Seilenga,Polygon,0.412637,0.005073
Southern,Bo,Wonde,Lower Kargoi,Polygon,0.399542,0.005088
Southern,Bo,Wonde,Manyeh,Polygon,0.492855,0.010071
Southern,Bo,Wonde,Upper Kargoi,Polygon,0.255928,0.003366
Southern,Bo,Bo Town,East Ward-Batiema,Polygon,0.053326,0.000139
Southern,Bo,Bo Town,East Ward-Bumpeh-W,Polygon,0.045313,0.000104
Southern,Bo,Bo Town,East Ward-Gbondo T,Polygon,0.047497,0.000089
Southern,Bo,Bo Town,East Ward-Kindia T,Polygon,0.04649,0.000085
Southern,Bo,Bo Town,East Ward-Lower Sa,Polygon,0.043405,0.000064
Southern,Bo,Bo Town,East Ward-Manjama,Polygon,0.040705,0.000088
Southern,Bo,Bo Town,East Ward-Messima,Polygon,0.047801,0.000124
Southern,Bo,Bo Town,East Ward-Moriba T,Polygon,0.038045,0.000063
Southern,Bo,Bo Town,North Ward-Bo Numb,Polygon,0.060372,0.0001
Southern,Bo,Bo Town,North Ward-Kissy Town,Polygon,0.045686,0.000094
Northern,Port Loko,Dibia,Makump,Polygon,0.23244,0.002761
Southern,Bo,Bo Town,West Ward-Kandeh T,Polygon,0.058687,0.000192
Southern,Bo,Bo Town,North Ward-Njai To,Polygon,0.042102,0.000065
Northern,Tonkolili,Kalansogoia,Kasokira,Polygon,0.341869,0.00444
Southern,Bo,Bo Town,North Ward-Reservation,Polygon,0.077697,0.000274
Southern,Bo,Bo Town,West Ward-Lewabu -,Polygon,0.042859,0.000107
Northern,Tonkolili,Kunike Barina,Masaba,Polygon,0.396135,0.007959
Southern,Bo,Bo Town,West Ward-Moriba T,Polygon,0.050962,0.000109
Southern,Bo,Bo Town,West Ward-Nikibu -,Polygon,0.061073,0.000116
Southern,Bo,Bo Town,West Ward-Njagboim,Polygon,0.053196,0.000114
Northern,Tonkolili,Gbonkolenken,Lower Massakong,Polygon,0.528369,0.007081
Northern,Tonkolili,Gbonkolenken,Petifu Mayawa A,Polygon,0.446401,0.005876
Northern,Tonkolili,Gbonkolenken,Lower Polie,Polygon,0.47821,0.006482
Northern,Tonkolili,Gbonkolenken,Petifu Mayawa B,Polygon,0.152313,0.001296
Northern,Tonkolili,Kafe Simiria,Simiria,Polygon,0.313671,0.003384
Northern,Port Loko,Dibia,Rogbalan,Polygon,0.194005,0.001462
Northern,Tonkolili,Gbonkolenken,Mayeppoh,Polygon,0.638579,0.011469
Northern,Tonkolili,Kalansogoia,Fuladugu,Polygon,0.366563,0.005847
Northern,Port Loko,Maforki,Marunia,Polygon,0.205973,0.001878
Northern,Tonkolili,Gbonkolenken,Petifu Mayeppoh,Polygon,0.427064,0.006838
Northern,Tonkolili,Gbonkolenken,Upper Massakong,Polygon,0.377713,0.005247
Northern,Tonkolili,Gbonkolenken,Upper Polie,Polygon,0.408022,0.003481
Northern,Tonkolili,Gbonkolenken,Yiben,Polygon,0.464221,0.006945
Northern,Tonkolili,Gbonkolenken,Yele Manowo,Polygon,0.540952,0.005581
Northern,Tonkolili,Kafe Simiria,Mabonto,Polygon,0.274972,0.004145
Northern,Tonkolili,Kalansogoia,Kakallain,Polygon,0.267765,0.003873
Northern,Tonkolili,Kafe Simiria,Kabaia,Polygon,0.58447,0.010266
Northern,Tonkolili,Kafe Simiria,Kamarugu,Polygon,0.499427,0.008862
Northern,Tonkolili,Kafe Simiria,Makelfa,Polygon,0.602311,0.011865
Northern,Tonkolili,Kafe Simiria,Makontande,Polygon,0.409978,0.005113
Northern,Tonkolili,Kafe Simiria,Mayaso,Polygon,0.271754,0.003624
Northern,Tonkolili,Kalansogoia,Lower Section,Polygon,0.480907,0.007125
Northern,Tonkolili,Kalansogoia,Upper Section,Polygon,0.513355,0.00948
Northern,Tonkolili,Malal Mara,Mabilafu,Polygon,0.298196,0.002604
Northern,Tonkolili,Kholifa Mabang,Kumrabai,Polygon,0.521245,0.0092
Northern,Tonkolili,Kholifa Rowala,Bo Road,Polygon,0.101003,0.000353
Northern,Tonkolili,Kholifa Mabang,Mabang,Polygon,0.499264,0.007436
Northern,Tonkolili,Kholifa Mabang,Marunia Sakie,Polygon,0.425811,0.005563
Northern,Tonkolili,Kholifa Rowala,Lal-Lenken,Polygon,0.604565,0.00889
Northern,Tonkolili,Kholifa Rowala,Makump,Polygon,0.365979,0.005376
Northern,Tonkolili,Kholifa Rowala,Mamuntha,Polygon,0.629444,0.012285
Northern,Tonkolili,Kholifa Rowala,Mayatha,Polygon,0.376686,0.004056
Northern,Port Loko,Maforki,Massebay,Polygon,0.205124,0.002624
Northern,Tonkolili,Kholifa Rowala,Mayossoh,Polygon,0.454006,0.005869
Northern,Tonkolili,Kholifa Rowala,Old Magburaka,Polygon,0.066202,0.000218
Northern,Tonkolili,Kunike Barina,Mamurie,Polygon,0.360695,0.006301
Northern,Tonkolili,Kunike Barina,Makali,Polygon,0.58867,0.00608
Northern,Tonkolili,Kunike Barina,Makong,Polygon,0.355984,0.006265
Northern,Tonkolili,Kunike,Masingbi,Polygon,0.13747,0.001407
Northern,Tonkolili,Kunike Barina,Mathonkara,Polygon,0.275253,0.004106
Northern,Tonkolili,Kunike Barina,Wonkibor,Polygon,0.316766,0.003399
Northern,Port Loko,Marampa,Lunsar-Madigbo,Polygon,0.052718,0.000138
Northern,Tonkolili,Malal Mara,Makoba,Polygon,0.278209,0.00256
Northern,Tonkolili,Kunike,Rolal,Polygon,0.380197,0.005711
Northern,Tonkolili,Kunike,Sanda,Polygon,0.550195,0.012354
Northern,Port Loko,Marampa,Lunsar-Mamanso,Polygon,0.018048,0.000012
Northern,Tonkolili,Kunike,Semorkanie,Polygon,0.521925,0.007074
Northern,Tonkolili,Kunike,Thamah,Polygon,0.479503,0.009291
Northern,Tonkolili,Kunike,Thambaya,Polygon,0.562428,0.010662
Northern,Tonkolili,Kunike,Wana,Polygon,0.520387,0.009713
Northern,Port Loko,Marampa,Lunsar-Mines,Polygon,0.070455,0.000267
Northern,Tonkolili,Kunike,Yenkeh,Polygon,0.562814,0.009432
Northern,Tonkolili,Malal Mara,Kiamp Kakolo,Polygon,0.335055,0.003947
Northern,Port Loko,Marampa,Lunsar-Old Town,Polygon,0.035441,0.00007
Northern,Tonkolili,Malal Mara,Malal,Polygon,0.452415,0.004308
Northern,Koinadugu,Dembelia - Sink,Numula 5,Polygon,0.234505,0.002445
Northern,Tonkolili,Malal Mara,Manewa,Polygon,0.247122,0.003679
Northern,Tonkolili,Malal Mara,Mara,Polygon,0.206075,0.002412
Northern,Tonkolili,Malal Mara,Matanka,Polygon,0.315344,0.003323
Northern,Tonkolili,Sambaya,Sambaya,Polygon,0.489436,0.011474
Northern,Tonkolili,Malal Mara,Rochen,Polygon,0.361195,0.00491
Northern,Tonkolili,Sambaya,Borowah,Polygon,0.435461,0.008009
Northern,Tonkolili,Tane,Maboboh Koray,Polygon,0.31666,0.004462
Northern,Tonkolili,Tane,Mapakie,Polygon,0.318034,0.003546
Northern,Tonkolili,Sambaya,Buyan,Polygon,0.743647,0.023096
Northern,Tonkolili,Sambaya,Dayie,Polygon,0.652972,0.014082
Northern,Tonkolili,Tane,Makrugbeh,Polygon,0.471989,0.008239
Northern,Tonkolili,Tane,Mange-bana,Polygon,0.408297,0.004477
Northern,Port Loko,Buya Romende,Mabureh Mende,Polygon,0.218532,0.002447
Northern,Tonkolili,Tane,Mathunkara,Polygon,0.403283,0.006559
Northern,Port Loko,Bureh Kasseh Ma,Mange Morie,Polygon,0.145609,0.000887
Northern,Tonkolili,Yoni,Malanchor,Polygon,0.450383,0.006947
Northern,Tonkolili,Tane,Matotoka,Polygon,0.556769,0.009345
Northern,Tonkolili,Yoni,Makeni Rokefula,Polygon,0.555283,0.010133
Northern,Tonkolili,Yoni,Foindu,Polygon,0.579422,0.008017
Northern,Tonkolili,Yoni,Gaindema,Polygon,1.232653,0.012605
Northern,Tonkolili,Yoni,Macrogba,Polygon,0.456756,0.006186
Northern,Port Loko,Buya Romende,Magbengbe,Polygon,0.200682,0.001652
Northern,Tonkolili,Yoni,Malompor,Polygon,0.325254,0.003116
Northern,Tonkolili,Yoni,Petifu-Lower,Polygon,0.283355,0.002621
Northern,Port Loko,Dibia,Karine,Polygon,0.188198,0.001294
Northern,Port Loko,Bureh Kasseh Ma,Marenka,Polygon,0.386775,0.005073
Northern,Port Loko,Bureh Kasseh Ma,Minthormore,Polygon,0.23454,0.003097
Northern,Tonkolili,Yoni,Mamaka,Polygon,0.487287,0.008909
Northern,Tonkolili,Yoni,Masengbe,Polygon,0.470163,0.004569
Northern,Port Loko,Bureh Kasseh Ma,Kalangba,Polygon,0.284927,0.003807
Northern,Tonkolili,Yoni,Mayira,Polygon,0.527458,0.006214
Northern,Tonkolili,Yoni,Petifu Upper,Polygon,0.597942,0.009217
Northern,Tonkolili,Yoni,Ronietta,Polygon,0.610115,0.012795
Northern,Port Loko,Bureh Kasseh Ma,Kambia Morie,Polygon,0.101699,0.000554
Northern,Port Loko,Bureh Kasseh Ma,Konta Ferry,Polygon,0.081235,0.000284
Northern,Port Loko,Bureh Kasseh Ma,Mabombo,Polygon,0.203347,0.002402
Northern,Port Loko,Bureh Kasseh Ma,Makana,Polygon,0.194529,0.001691
Northern,Tonkolili,Yoni,Yoni,Polygon,0.650686,0.008975
Northern,Port Loko,Bureh Kasseh Ma,Barmoi,Polygon,0.173319,0.001442
Northern,Port Loko,Bureh Kasseh Ma,Kagbanthama,Polygon,0.156039,0.00096
Northern,Port Loko,Bureh Kasseh Ma,Kaiyeabor,Polygon,0.302856,0.003837
Northern,Port Loko,Bureh Kasseh Ma,Romeni,Polygon,0.31272,0.002942
Northern,Port Loko,Bureh Kasseh Ma,Rotifunk,Polygon,0.268727,0.00369
Northern,Port Loko,Bureh Kasseh Ma,Yali-Sanda,Polygon,0.137548,0.000822
Northern,Port Loko,Dibia,Kayembor,Polygon,0.209208,0.001777
Northern,Port Loko,Buya Romende,Foredugu,Polygon,0.58134,0.006001
Northern,Kambia,Bramaia,Filligungee,Polygon,0.268916,0.003511
Northern,Port Loko,Buya Romende,Gbaran Kamba,Polygon,0.554155,0.007169
Northern,Port Loko,Buya Romende,Kamasundu,Polygon,0.222936,0.001813
Northern,Port Loko,Buya Romende,Mabureh Buya,Polygon,0.199472,0.001728
Northern,Port Loko,Dibia,Konta Kargbo,Polygon,0.136683,0.001173
Northern,Port Loko,Buya Romende,Manungbu,Polygon,0.301537,0.003749
Northern,Port Loko,Buya Romende,Robis,Polygon,0.314191,0.00287
Northern,Port Loko,Buya Romende,Rokel,Polygon,0.163299,0.001086
Northern,Port Loko,Buya Romende,Rosint,Polygon,0.227425,0.002523
Northern,Port Loko,Buya Romende,Worreh Mapoteh,Polygon,0.246971,0.002458
Northern,Port Loko,Dibia,Mafonda,Polygon,0.321775,0.005696
Northern,Port Loko,Dibia,Makabari,Polygon,0.158643,0.001037
Northern,Port Loko,Kaffu Bullom,Foronkoya,Polygon,0.282994,0.001924
Northern,Port Loko,Kaffu Bullom,Kasongha,Polygon,0.313046,0.002931
Northern,Port Loko,Kaffu Bullom,Lungi,Polygon,0.277069,0.003104
Northern,Port Loko,Kaffu Bullom,Mahera,Polygon,0.078348,0.000165
Northern,Port Loko,Kaffu Bullom,Yongro,Polygon,0.133503,0.000885
Northern,Port Loko,Kaffu Bullom,Mamanki,Polygon,0.398707,0.002581
Northern,Port Loko,Kaffu Bullom,Mayaya,Polygon,0.175139,0.00135
Northern,Port Loko,Kaffu Bullom,Rosint,Polygon,0.235379,0.001555
Northern,Port Loko,Koya,Fondu,Polygon,0.541998,0.006725
Northern,Port Loko,Koya,Magbandoma,Polygon,0.413444,0.004159
Northern,Port Loko,Koya,Benkia,Polygon,0.688459,0.003737
Northern,Port Loko,Koya,Gbabai,Polygon,0.296376,0.002738
Northern,Port Loko,Koya,Foredugu,Polygon,0.798322,0.010053
Northern,Port Loko,Koya,Futa,Polygon,0.237743,0.002584
Northern,Port Loko,Koya,Kagbala A,Polygon,0.445217,0.006004
Northern,Port Loko,Koya,Kagbala B,Polygon,0.161163,0.001585
Northern,Port Loko,Koya,Magbeni,Polygon,0.509933,0.005414
Northern,Port Loko,Koya,Marefa,Polygon,0.433041,0.007507
Northern,Port Loko,Koya,Matene,Polygon,0.419607,0.008124
Northern,Port Loko,Koya,Rosarr,Polygon,0.276578,0.0028
Northern,Port Loko,Koya,Mawoma,Polygon,0.657343,0.009026
Northern,Port Loko,Koya,Robia,Polygon,0.274546,0.00292
Northern,Port Loko,Koya,Rokel,Polygon,0.205829,0.001717
Northern,Port Loko,Koya,Sanda,Polygon,0.39657,0.003568
Northern,Port Loko,Koya,Tumba,Polygon,0.390227,0.006127
Northern,Port Loko,Lokomasama,Benkia,Polygon,0.257379,0.003289
Northern,Port Loko,Lokomasama,Gbainty,Polygon,0.461607,0.009184
Northern,Port Loko,Lokomasama,Kamasondo,Polygon,0.672043,0.014301
Northern,Port Loko,Lokomasama,Kantaya,Polygon,0.216066,0.002209
Northern,Port Loko,Lokomasama,Katonga,Polygon,0.366242,0.005707
Northern,Port Loko,Lokomasama,Komrabai,Polygon,0.214778,0.002186
Northern,Port Loko,Lokomasama,Konta,Polygon,0.26899,0.003936
Northern,Port Loko,Lokomasama,Magbokorr,Polygon,0.227332,0.002459
Northern,Port Loko,Lokomasama,Mannah,Polygon,0.445386,0.007436
Northern,Port Loko,Lokomasama,Mapiterr,Polygon,0.281258,0.004556
Northern,Port Loko,Lokomasama,Matheng,Polygon,0.323727,0.005071
Northern,Port Loko,Lokomasama,Petifu,Polygon,0.201099,0.001532
Northern,Port Loko,Lokomasama,Royema,Polygon,0.24588,0.00289
Northern,Port Loko,Maforki,Batpolon,Polygon,0.237366,0.002566
Northern,Port Loko,Maforki,Falaba,Polygon,0.046323,0.000104
Northern,Port Loko,Maforki,Fenka,Polygon,0.305155,0.002824
Northern,Port Loko,Maforki,Gberray Bana,Polygon,0.204331,0.001479
Northern,Port Loko,Maforki,Gberray Morie,Polygon,0.455977,0.009543
Northern,Port Loko,Maforki,Gberray Thunkara,Polygon,0.247411,0.003358
Northern,Port Loko,Maforki,Gbonko Mayira,Polygon,0.257151,0.00237
Northern,Port Loko,Maforki,Kabata,Polygon,0.242998,0.00281
Northern,Port Loko,Maforki,Komrabai-Waterloo,Polygon,0.210865,0.001917
Northern,Port Loko,Maforki,Kondato,Polygon,0.050007,0.00013
Northern,Port Loko,Maforki,Maboni,Polygon,0.247612,0.002148
Northern,Port Loko,Maforki,Maforay,Polygon,0.107796,0.000741
Northern,Port Loko,Maforki,Magbeni,Polygon,0.255012,0.002847
Northern,Port Loko,Maforki,Makorobolai,Polygon,0.261286,0.00342
Northern,Port Loko,Maforki,Malal,Polygon,0.319251,0.003493
Northern,Port Loko,Maforki,Mamanso,Polygon,0.238642,0.002007
Northern,Port Loko,Maforki,Mapolie,Polygon,0.224293,0.002634
Northern,Port Loko,Maforki,Maronko,Polygon,0.182595,0.001278
Northern,Port Loko,Maforki,Mathera,Polygon,0.250026,0.002667
Northern,Port Loko,Maforki,Moria,Polygon,0.264851,0.003407
Northern,Port Loko,Maforki,Old Port Loko,Polygon,0.073181,0.000225
Northern,Port Loko,Marampa,Lunsar-Technical,Polygon,0.067716,0.000166
Northern,Port Loko,Maforki,Romaka,Polygon,0.304364,0.002802
Northern,Port Loko,Maforki,Rosarr,Polygon,0.136522,0.001004
Northern,Port Loko,Maforki,Sanda,Polygon,0.026192,0.00003
Northern,Port Loko,Marampa,Lunsar-Path Bana,Polygon,0.07609,0.000281
Northern,Port Loko,Maforki,Sendugu,Polygon,0.075275,0.000334
Northern,Port Loko,Maforki,Tauya,Polygon,0.237468,0.002031
Northern,Port Loko,Marampa,Lunsar-Baipolon,Polygon,0.019264,0.000021
Northern,Port Loko,Marampa,Lunsar-Four Road -,Polygon,0.032188,0.000055
Northern,Port Loko,Marampa,Lunsar-Kenneday,Polygon,0.014839,0.000009
Northern,Port Loko,Marampa,Lunsar-Mabai,Polygon,0.043449,0.000098
Northern,Port Loko,Marampa,Magbele,Polygon,0.297923,0.003943
Northern,Port Loko,Marampa,Mange,Polygon,0.474082,0.007638
Northern,Port Loko,Marampa,Marampa,Polygon,0.447672,0.004085
Northern,Port Loko,Masimera,Biki,Polygon,0.29227,0.003114
Northern,Port Loko,Marampa,Mawullay,Polygon,0.357071,0.003928
Northern,Port Loko,Marampa,Petifu Madina,Polygon,0.348736,0.005892
Northern,Port Loko,Marampa,Rogballan,Polygon,0.21408,0.002908
Northern,Port Loko,Marampa,Rolankonoh,Polygon,0.307257,0.00314
Northern,Port Loko,Masimera,Masimera,Polygon,0.220688,0.002225
Northern,Port Loko,Masimera,Biss-Manika,Polygon,0.446267,0.00392
Northern,Port Loko,Masimera,Katick,Polygon,0.325225,0.004204
Northern,Port Loko,Masimera,Maconteh,Polygon,0.583009,0.00578
Northern,Port Loko,Masimera,Mamalikie,Polygon,0.260084,0.002852
Northern,Port Loko,Masimera,Matuku,Polygon,0.407836,0.004268
Northern,Port Loko,Masimera,Mayola-Thatha,Polygon,0.465872,0.009387
Northern,Port Loko,Masimera,Nonkoba,Polygon,0.23168,0.002658
Northern,Port Loko,Masimera,Rokel,Polygon,0.222348,0.001908
Northern,Port Loko,Sanda Magbolont,Masien,Polygon,0.222127,0.00167
Northern,Port Loko,Masimera,Rokon/Komboya,Polygon,0.530363,0.01005
Northern,Port Loko,Masimera,Yoni-Pet,Polygon,0.499284,0.004933
Northern,Port Loko,Sanda Magbolont,Bankro,Polygon,0.176635,0.001433
Northern,Port Loko,Sanda Magbolont,Gbaneh-Loko,Polygon,0.265223,0.002889
Eastern,Kono,Fiama,Kokar,Polygon,0.226053,0.002993
Northern,Port Loko,Sanda Magbolont,Gbogbodo,Polygon,0.560481,0.006699
Northern,Port Loko,Sanda Magbolont,Gbonko,Polygon,0.326367,0.00457
Northern,Port Loko,Sanda Magbolont,Kantia,Polygon,0.45823,0.007874
Northern,Port Loko,Sanda Magbolont,Layamantmetank,Polygon,0.290577,0.004211
Northern,Port Loko,Sanda Magbolont,Magbolontor,Polygon,0.240361,0.002398
Northern,Port Loko,Sanda Magbolont,Malkiya,Polygon,0.127966,0.000945
Northern,Port Loko,Sanda Magbolont,Mankneh,Polygon,0.087899,0.000444
Northern,Port Loko,Sanda Magbolont,Menthen,Polygon,0.454038,0.004783
Northern,Port Loko,Sanda Magbolont,Robis,Polygon,0.339367,0.003981
Northern,Port Loko,Sanda Magbolont,Rotigbonko,Polygon,0.230888,0.002384
Northern,Port Loko,Sanda Magbolont,Sendugu,Polygon,0.233717,0.002405
Northern,Port Loko,TMS,Gbaray Bana,Polygon,0.230353,0.00299
Northern,Port Loko,TMS,Kambia,Polygon,0.188473,0.001898
Northern,Port Loko,TMS,Kanu,Polygon,0.231873,0.002689
Northern,Port Loko,TMS,Kargbo,Polygon,0.223387,0.00199
Northern,Port Loko,TMS,Konkorie,Polygon,0.317686,0.003342
Northern,Port Loko,TMS,Mafonikay,Polygon,0.128971,0.000883
Northern,Port Loko,TMS,Magbafth,Polygon,0.217158,0.001876
Northern,Port Loko,TMS,Magbapsa,Polygon,0.236618,0.002315
Eastern,Kono,Lei,Sangbada,Polygon,0.254507,0.00365
Northern,Port Loko,TMS,Malakuray,Polygon,0.270042,0.003338
Northern,Port Loko,TMS,Maron,Polygon,0.217321,0.002185
Northern,Port Loko,TMS,Robombeh,Polygon,0.145281,0.0011
Northern,Port Loko,Tasso Island,Tasso Island,Polygon,0.113577,0.000622
Eastern,Kono,Fiama,Dumbia,Polygon,0.278799,0.003955
Eastern,Kono,Fiama,Fiama,Polygon,0.391515,0.005881
Eastern,Kono,Soa,Tensendakor,Polygon,0.157333,0.001533
Eastern,Kono,Fiama,Kooma,Polygon,0.419789,0.007129
Eastern,Kono,Fiama,Yorkor,Polygon,0.332246,0.003424
Eastern,Kono,Gbane,Gbikidakor,Polygon,0.300548,0.004058
Eastern,Kono,Gbane,Kamara,Polygon,0.478212,0.003955
Eastern,Kono,Gbane,Maikandor,Polygon,0.29493,0.004487
Eastern,Kono,Gbane Kandor,Gbane Kandor,Polygon,0.383713,0.005037
Eastern,Kono,Gbane Kandor,Gbane Kour,Polygon,0.157135,0.001099
Eastern,Kono,Gbane Kandor,Gbane Tetema,Polygon,0.185094,0.001394
Eastern,Kono,Gbane Kandor,Gbendekor,Polygon,0.084988,0.000365
Eastern,Kono,Gbane Kandor,Yanbidu,Polygon,0.130768,0.000623
Northern,Kambia,Bramaia,Bassia,Polygon,0.189686,0.001643
Eastern,Kono,Gbense,Banfinfeh,Polygon,0.33725,0.005164
Eastern,Kono,Gbense,Banyafeh,Polygon,0.323878,0.004192
Eastern,Kono,Gbense,Banyakor,Polygon,0.252559,0.00273
Eastern,Kono,Gbense,Moindefeh,Polygon,0.261224,0.003459
Eastern,Kono,Gbense,Moindekor,Polygon,0.275604,0.002044
Eastern,Kono,Kamara,Dangbaidu,Polygon,0.3059,0.001976
Eastern,Kono,Kamara,Gbondu,Polygon,0.238706,0.002525
Eastern,Kono,Kamara,Kongofinja,Polygon,0.303653,0.003475
Eastern,Kono,Kamara,Sukudu,Polygon,0.207922,0.002171
Eastern,Kono,Lei,Dia,Polygon,0.341151,0.005988
Eastern,Kono,Lei,Kamara,Polygon,0.29028,0.002862
Eastern,Kono,Lei,Kensay,Polygon,0.34004,0.004785
Eastern,Kono,Lei,Lei,Polygon,0.464503,0.007036
Eastern,Kono,Lei,Tankoro,Polygon,0.576729,0.009553
Eastern,Kono,Lei,Tingi-Kor,Polygon,0.437136,0.009061
Eastern,Kono,Lei,Yawai,Polygon,0.264018,0.003236
Eastern,Kono,Mafindor,Kamiendor,Polygon,0.240777,0.001663
Eastern,Kono,Mafindor,Kutey,Polygon,0.253233,0.002535
Eastern,Kono,Mafindor,Mafindor,Polygon,0.263529,0.002501
Eastern,Kono,Nimikoro,Bafinfeh,Polygon,0.401298,0.005145
Eastern,Kono,Nimikoro,Bandafafeh,Polygon,0.421905,0.005813
Eastern,Kono,Tankoro,Njama,Polygon,0.339233,0.006314
Eastern,Kono,Nimikoro,Gbogboafeh,Polygon,0.545404,0.011297
Eastern,Kono,Nimikoro,Jaiama,Polygon,0.645802,0.018636
Eastern,Kono,Nimikoro,Masayiefeh,Polygon,0.386014,0.005955
Eastern,Kono,Koidu Town,Gbense-Sina Town,Polygon,0.04746,0.000076
Eastern,Kono,Nimiyama,Bafinfeh,Polygon,0.392887,0.007584
Eastern,Kono,Sandor,Bafinfeh,Polygon,0.727489,0.015103
Eastern,Kono,Koidu Town,Gbense-Moindekor,Polygon,0.071438,0.000277
Eastern,Kono,Sandor,Dangbaidu,Polygon,0.403874,0.006948
Eastern,Kono,Sandor,Njeikor,Polygon,0.522717,0.012378
Eastern,Kono,Soa,Foidu Mongor,Polygon,0.266367,0.002469
Eastern,Kono,Koidu Town,Gbense-Moindefeh,Polygon,0.052537,0.00014
Eastern,Kono,Soa,Kokongokuma,Polygon,0.562925,0.014536
Eastern,Kono,Soa,Maindu,Polygon,0.313796,0.003001
Eastern,Kono,Soa,Mofinkor,Polygon,0.434815,0.009925
Eastern,Kono,Soa,Sawa Buma,Polygon,0.238241,0.002993
Eastern,Kono,Soa,Tensekor,Polygon,0.230088,0.002197
Eastern,Kono,Tankoro,Tankoro,Polygon,0.475349,0.005178
Eastern,Kono,Tankoro,Woafeh,Polygon,0.378073,0.002814
Eastern,Kono,Toli,Bawadu,Polygon,0.270293,0.001758
Eastern,Kono,Koidu Town,Tankoro-Kinsey,Polygon,0.078341,0.000267
Eastern,Kono,Koidu Town,Tankoro-New Sembeh,Polygon,0.071718,0.000202
Eastern,Kono,Koidu Town,Tankoro-Lebanon,Polygon,0.043575,0.000114
Eastern,Kono,Koidu Town,Tankoro-Kwaquima,Polygon,0.062455,0.000212
Northern,Koinadugu,Dembelia - Sink,Kunbulun 1,Polygon,0.218809,0.001731
Northern,Koinadugu,Dembelia - Sink,Kunbulun 2,Polygon,0.222192,0.001241
Northern,Koinadugu,Dembelia - Sink,Manan,Polygon,0.4977,0.006438
Northern,Koinadugu,Dembelia - Sink,Mawundea,Polygon,0.545001,0.010289
Northern,Koinadugu,Dembelia - Sink,Numula 1,Polygon,0.322293,0.004226
Northern,Koinadugu,Dembelia - Sink,Numula 2,Polygon,0.240458,0.002883
Northern,Koinadugu,Dembelia - Sink,Numula 3,Polygon,0.126442,0.000886
Northern,Koinadugu,Dembelia - Sink,Numula 4,Polygon,0.05803,0.000218
Northern,Koinadugu,Dembelia - Sink,Sinkunia,Polygon,0.579612,0.007787
Northern,Koinadugu,Diang,Darakuru,Polygon,0.460233,0.010983
Northern,Koinadugu,Diang,Gbenekoro,Polygon,0.774999,0.018013
Northern,Koinadugu,Diang,Kania,Polygon,0.617884,0.018772
Northern,Koinadugu,Diang,Kondembaia,Polygon,0.730993,0.020155
Northern,Koinadugu,Diang,Lengekoro,Polygon,0.3871,0.007432
Northern,Koinadugu,Diang,Sokurala,Polygon,0.565094,0.01217
Northern,Koinadugu,Folosaba Dembel,Balandugu,Polygon,0.333308,0.00239
Northern,Koinadugu,Folosaba Dembel,Dogoloya,Polygon,0.223983,0.002039
Northern,Koinadugu,Folosaba Dembel,Fissaya I,Polygon,0.207718,0.002166
Northern,Koinadugu,Folosaba Dembel,Fissaya II,Polygon,0.264949,0.003803
Northern,Koinadugu,Sulima,Nomokoya,Polygon,0.395792,0.007233
Northern,Koinadugu,Folosaba Dembel,Gbentu III,Polygon,0.27047,0.00386
Northern,Koinadugu,Folosaba Dembel,Herekor,Polygon,0.467589,0.005543
Northern,Koinadugu,Folosaba Dembel,Kalia,Polygon,0.456162,0.008637
Northern,Koinadugu,Kasunko,Kakallain,Polygon,0.441035,0.007979
Northern,Koinadugu,Folosaba Dembel,Kamba,Polygon,0.514976,0.01213
Northern,Koinadugu,Folosaba Dembel,Lagor,Polygon,0.455709,0.005998
Northern,Koinadugu,Kasunko,Gbonkobor,Polygon,0.6607,0.018847
Northern,Koinadugu,Folosaba Dembel,Musaia,Polygon,0.715651,0.007389
Northern,Koinadugu,Folosaba Dembel,Sankan I,Polygon,0.278228,0.004163
Northern,Koinadugu,Folosaba Dembel,Sankan II,Polygon,0.440401,0.005763
Northern,Koinadugu,Wara Wara Bafod,Kaponpon,Polygon,0.314617,0.003816
Northern,Koinadugu,Kasunko,Kasunko,Polygon,0.608005,0.010661
Northern,Koinadugu,Kasunko,Kayaka,Polygon,0.456702,0.007824
Northern,Koinadugu,Kasunko,Tamiso I,Polygon,0.866881,0.016913
Northern,Koinadugu,Kasunko,Tamiso II,Polygon,0.606496,0.015622
Northern,Koinadugu,Mongo,Benadugu,Polygon,0.385696,0.006633
Northern,Koinadugu,Mongo,Deldugu,Polygon,0.692263,0.021104
Northern,Koinadugu,Mongo,Mankalia,Polygon,0.492259,0.012999
Northern,Koinadugu,Mongo,Mongo I,Polygon,0.881152,0.035303
Northern,Koinadugu,Mongo,Mongo II,Polygon,0.597797,0.019326
Northern,Kambia,Gbinle Dixing,Kalangba,Polygon,0.181859,0.001675
Northern,Koinadugu,Mongo,Morifindugu,Polygon,1.360825,0.044339
Northern,Koinadugu,Neya,Kulor,Polygon,0.293664,0.00394
Northern,Koinadugu,Neya,Neya I,Polygon,1.166391,0.031782
Northern,Koinadugu,Neya,Neya II,Polygon,0.748858,0.026095
Northern,Koinadugu,Sengbe,Heremakono,Polygon,0.410957,0.009171
Northern,Koinadugu,Neya,Nyedu,Polygon,0.921474,0.024855
Northern,Koinadugu,Nieni,Barawa,Polygon,1.024172,0.045221
Northern,Koinadugu,Wara Wara Bafod,Pampakoh,Polygon,0.242239,0.002513
Northern,Koinadugu,Nieni,Kalian,Polygon,1.295286,0.048879
Northern,Koinadugu,Sengbe,Bendugu,Polygon,0.469658,0.007693
Northern,Koinadugu,Nieni,Wollay,Polygon,0.886102,0.035762
Northern,Koinadugu,Nieni,Yiffin,Polygon,0.999785,0.038951
Northern,Koinadugu,Wara Wara Bafod,Semamaia,Polygon,0.236219,0.002948
Northern,Koinadugu,Sengbe,Koinadugu,Polygon,0.375432,0.008428
Northern,Koinadugu,Sengbe,Lower Kamadugu,Polygon,0.716066,0.022933
Northern,Koinadugu,Sengbe,Bilimaia,Polygon,0.030907,0.000057
Northern,Koinadugu,Sulima,Biribaia,Polygon,0.073865,0.000405
Northern,Koinadugu,Sulima,Dara,Polygon,0.143484,0.001011
Northern,Koinadugu,Sengbe,Upper Kamadugu,Polygon,0.873035,0.031391
Northern,Koinadugu,Sengbe,Yiraia,Polygon,0.645438,0.017847
Northern,Koinadugu,Sengbe,Yogomaia,Polygon,0.039757,0.000075
Northern,Koinadugu,Sulima,Falaba,Polygon,0.567298,0.016069
Northern,Koinadugu,Sulima,Fudea,Polygon,0.451415,0.009908
Northern,Koinadugu,Sulima,Ganya,Polygon,0.471592,0.010863
Northern,Koinadugu,Sulima,Gberia Fotombu,Polygon,0.365338,0.005908
Northern,Koinadugu,Sulima,Gberia-Timbako,Polygon,0.982139,0.036066
Northern,Koinadugu,Sulima,Kaliyereh,Polygon,0.258209,0.003687
Northern,Koinadugu,Sulima,Kambaia,Polygon,0.429575,0.005334
Northern,Koinadugu,Sulima,Koindu-Kura,Polygon,0.052997,0.00015
Northern,Koinadugu,Sulima,Sonkoya,Polygon,0.449479,0.006783
Northern,Koinadugu,Wara Wara Bafod,Bafodia,Polygon,0.806362,0.017275
Northern,Koinadugu,Wara Wara Bafod,Kadanso,Polygon,0.254364,0.004406
Northern,Koinadugu,Wara Wara Bafod,Kakoya,Polygon,0.303063,0.005727
Northern,Kambia,Mambolo,Mambolo,Polygon,0.176994,0.00136
Northern,Koinadugu,Wara Wara Bafod,Kamanikie,Polygon,0.574084,0.009394
Northern,Koinadugu,Wara Wara Bafod,Kamayortortor,Polygon,0.305497,0.003722
Northern,Koinadugu,Wara Wara Bafod,Kambalia,Polygon,0.605472,0.014835
Northern,Koinadugu,Wara Wara Bafod,Kambia,Polygon,0.179403,0.001283
Northern,Koinadugu,Wara Wara Bafod,Taelia,Polygon,0.570436,0.011313
Northern,Koinadugu,Wara Wara Yagal,Zone 1,Polygon,0.270606,0.003888
Northern,Koinadugu,Wara Wara Yagal,Zone 2,Polygon,0.351607,0.005502
Northern,Koinadugu,Wara Wara Yagal,Zone 3,Polygon,0.112885,0.0005
Northern,Koinadugu,Wara Wara Yagal,Zone 4,Polygon,0.265712,0.002187
Northern,Koinadugu,Wara Wara Yagal,Zone 5,Polygon,0.315445,0.004454
Northern,Koinadugu,Wara Wara Yagal,Zone 6,Polygon,0.488368,0.00699
Northern,Koinadugu,Wara Wara Yagal,Zone 7,Polygon,0.302136,0.003446
Northern,Bombali,Biriwa,Kabakeh/Balandugu,Polygon,0.609731,0.008608
Northern,Bombali,Biriwa,Bumban,Polygon,0.781751,0.012674
Northern,Bombali,Biriwa,Bumbandain,Polygon,0.468816,0.006573
Northern,Bombali,Biriwa,Karassa,Polygon,0.502224,0.007946
Northern,Bombali,Biriwa,Kagbankuna,Polygon,0.6823,0.016138
Northern,Bombali,Biriwa,Kamabai,Polygon,0.673846,0.008657
Northern,Bombali,Gbanti Kamarank,Kamaranka,Polygon,0.133453,0.000915
Northern,Bombali,Biriwa,Karina,Polygon,0.925087,0.00601
Northern,Bombali,Biriwa,Kayonkoro,Polygon,0.387237,0.006451
Northern,Bombali,Gbanti Kamarank,Makumray A,Polygon,0.16558,0.001659
Northern,Bombali,Bombali Sebora,Kafala,Polygon,0.526813,0.003467
Northern,Bombali,Bombali Sebora,Kagbaran Dokom B,Polygon,0.458547,0.003878
Northern,Bombali,Gbanti Kamarank,Makumray B,Polygon,0.142884,0.000986
Northern,Bombali,Bombali Sebora,Konta,Polygon,0.351791,0.00445
Northern,Bombali,Bombali Sebora,Matotoka,Polygon,0.478967,0.00965
Northern,Bombali,Gbanti Kamarank,Gbenkfay,Polygon,0.256649,0.002194
Northern,Bombali,Gbanti Kamarank,Gbonkobana,Polygon,0.176851,0.001461
Northern,Bombali,Gbanti Kamarank,Kambia,Polygon,0.26059,0.002453
Northern,Bombali,Gbanti Kamarank,Kayourgbor,Polygon,0.428769,0.004459
Northern,Bombali,Gbanti Kamarank,Laminaya,Polygon,0.340369,0.003183
Northern,Bombali,Gbanti Kamarank,Makulon,Polygon,0.464243,0.003987
Northern,Bombali,Gbanti Kamarank,Rogberay,Polygon,0.287979,0.002752
Northern,Bombali,Gbanti Kamarank,Romaneh,Polygon,0.299511,0.002295
Northern,Bombali,Gbanti Kamarank,Royeama A,Polygon,0.139458,0.001185
Northern,Bombali,Gbanti Kamarank,Royeama B,Polygon,0.132954,0.001048
Northern,Bombali,Gbanti Kamarank,Sakuma A,Polygon,0.185686,0.001448
Northern,Bombali,Gbanti Kamarank,Sakuma B,Polygon,0.135161,0.000965
Northern,Bombali,Gbanti Kamarank,Sendugu A,Polygon,0.16808,0.001187
Northern,Bombali,Gbanti Kamarank,Sendugu B,Polygon,0.157693,0.00065
Northern,Bombali,Gbendembu Ngowa,Garanganwa,Polygon,0.561325,0.005912
Northern,Bombali,Gbendembu Ngowa,Makarihiteh,Polygon,0.155045,0.001327
Northern,Bombali,Gbendembu Ngowa,Makump,Polygon,0.189048,0.001876
Northern,Bombali,Gbendembu Ngowa,Gbendembu,Polygon,0.345553,0.004218
Northern,Bombali,Gbendembu Ngowa,Kalangba,Polygon,0.291008,0.003094
Northern,Bombali,Gbendembu Ngowa,Kania,Polygon,0.26936,0.004024
Northern,Bombali,Gbendembu Ngowa,Makeregbohun,Polygon,0.225113,0.001794
Northern,Bombali,Gbendembu Ngowa,Lobanga,Polygon,0.367056,0.003911
Northern,Bombali,Gbendembu Ngowa,Lohindie,Polygon,0.486373,0.007071
Northern,Bombali,Gbendembu Ngowa,Loko-Madina,Polygon,0.223724,0.001931
Northern,Bombali,Gbendembu Ngowa,Makai,Polygon,0.266124,0.003065
Northern,Bombali,Gbendembu Ngowa,Mamaka,Polygon,0.444912,0.007645
Northern,Bombali,Gbendembu Ngowa,Mamukay,Polygon,0.571472,0.007181
Northern,Bombali,Gbendembu Ngowa,Tanyehun,Polygon,0.279844,0.002689
Northern,Bombali,Gbendembu Ngowa,Masongbo,Polygon,0.336162,0.00297
Northern,Bombali,Gbendembu Ngowa,Matehun,Polygon,0.143888,0.000951
Northern,Bombali,Gbendembu Ngowa,Mayorthan,Polygon,0.241791,0.001676
Northern,Bombali,Gbendembu Ngowa,Sahun,Polygon,0.26066,0.001785
Northern,Bombali,Gbendembu Ngowa,Tambiama,Polygon,0.218767,0.001788
Northern,Bombali,Libeisaygahun,Batkanu,Polygon,0.35384,0.003209
Northern,Bombali,Libeisaygahun,Mafonda,Polygon,0.607139,0.006058
Northern,Bombali,Libeisaygahun,Magbaingba,Polygon,0.269782,0.003211
Northern,Bombali,Libeisaygahun,Magbanamba,Polygon,0.320828,0.002406
Northern,Bombali,Libeisaygahun,Makaiba,Polygon,0.360813,0.003441
Northern,Bombali,Libeisaygahun,Makayrembay,Polygon,0.168331,0.00112
Northern,Bombali,Libeisaygahun,Simbaya,Polygon,0.235567,0.001777
Northern,Bombali,Libeisaygahun,Mandawahun,Polygon,0.380447,0.004934
Northern,Bombali,Libeisaygahun,Manyakoi,Polygon,0.299971,0.003582
Northern,Bombali,Libeisaygahun,Mayankay,Polygon,0.184115,0.001531
Northern,Bombali,Libeisaygahun,Robaka,Polygon,0.196957,0.001483
Northern,Bombali,Libeisaygahun,Rotha-Tha,Polygon,0.194075,0.001517
Northern,Bombali,Magbaimba Ndorh,Hunduwa,Polygon,0.267378,0.002174
Northern,Bombali,Magbaimba Ndorh,Kababala,Polygon,0.246889,0.002642
Northern,Bombali,Magbaimba Ndorh,Kagberay,Polygon,0.264289,0.002979
Northern,Bombali,Magbaimba Ndorh,Kawungulu,Polygon,0.366842,0.002253
Northern,Bombali,Paki Masabong,Kathegeya,Polygon,0.291045,0.00275
Northern,Bombali,Magbaimba Ndorh,Makendema,Polygon,0.416797,0.006178
Northern,Bombali,Magbaimba Ndorh,Mambiama,Polygon,0.42869,0.008222
Northern,Bombali,Magbaimba Ndorh,Manjahagha,Polygon,0.163158,0.000968
Northern,Bombali,Magbaimba Ndorh,Sokudala,Polygon,0.095447,0.000442
Northern,Bombali,Magbaimba Ndorh,Yana,Polygon,0.311565,0.002414
Northern,Bombali,Makari Gbanti,Gborbana,Polygon,0.327069,0.002425
Northern,Bombali,Makari Gbanti,Mabanta,Polygon,0.240083,0.001966
Northern,Bombali,Makari Gbanti,Magbenteh,Polygon,0.118567,0.000939
Northern,Bombali,Makari Gbanti,Mangay,Polygon,0.298889,0.002659
Northern,Bombali,Makari Gbanti,Mankene,Polygon,0.50667,0.009647
Northern,Bombali,Makari Gbanti,Masongbo A,Polygon,0.221851,0.001489
Northern,Bombali,Makari Gbanti,Rosint,Polygon,0.243116,0.001742
Northern,Bombali,Makari Gbanti,Masongbo B,Polygon,0.658183,0.005865
Northern,Bombali,Makari Gbanti,Punthun,Polygon,0.300504,0.003042
Northern,Bombali,Paki Masabong,Kathanthan,Polygon,0.237775,0.002827
Northern,Bombali,Makari Gbanti,Tonkoba,Polygon,0.753435,0.009738
Northern,Bombali,Makari Gbanti,Yainkassa,Polygon,0.76262,0.012952
Northern,Bombali,Paki Masabong,Mapaki,Polygon,0.31031,0.003509
Northern,Bombali,Paki Masabong,Masabong,Polygon,0.332674,0.003627
Northern,Bombali,Paki Masabong,Mayagba,Polygon,0.237445,0.002546
Northern,Bombali,Paki Masabong,Rosanda,Polygon,0.342442,0.006464
Northern,Bombali,Sanda Loko,Maparay,Polygon,0.175381,0.001358
Northern,Bombali,Safroko Limba,Binkolo,Polygon,0.569804,0.008817
Northern,Bombali,Safroko Limba,Bombali Bana,Polygon,0.474069,0.006853
Northern,Bombali,Safroko Limba,Kabonka,Polygon,0.240545,0.002419
Northern,Bombali,Safroko Limba,Kasengbeh,Polygon,0.362817,0.004733
Northern,Bombali,Safroko Limba,Kayassi,Polygon,0.30736,0.00359
Northern,Bombali,Safroko Limba,Mabamba,Polygon,0.31131,0.004167
Northern,Bombali,Safroko Limba,Masapi,Polygon,0.246399,0.002239
Northern,Bombali,Sanda Loko,Banka,Polygon,0.160197,0.001339
Northern,Bombali,Sanda Loko,Benia,Polygon,0.274711,0.002717
Northern,Bombali,Sanda Loko,Kaindema,Polygon,0.237403,0.001888
Northern,Bombali,Sanda Loko,Kamalu,Polygon,0.060482,0.000231
Northern,Bombali,Sanda Loko,Kania,Polygon,0.136094,0.00072
Northern,Bombali,Sanda Loko,Kindia,Polygon,0.461361,0.01021
Northern,Bombali,Sanda Loko,Laminaya,Polygon,0.342894,0.005494
Northern,Bombali,Sanda Loko,Rothatha,Polygon,0.179485,0.001536
Northern,Bombali,Sanda Loko,Madina,Polygon,0.415948,0.006907
Northern,Bombali,Sanda Loko,Maharibo,Polygon,0.319118,0.005369
Northern,Bombali,Sanda Loko,Makapa,Polygon,0.271037,0.003301
Northern,Bombali,Sanda Loko,Makwie Loko,Polygon,0.333594,0.003867
Northern,Bombali,Sanda Loko,Manathi,Polygon,0.26046,0.003751
Northern,Bombali,Sanda Tendaran,Kalangba,Polygon,0.262016,0.001994
Northern,Bombali,Sanda Tendaran,Kukuna,Polygon,0.227386,0.002651
Northern,Bombali,Sanda Tendaran,Marampa,Polygon,0.224108,0.002508
Northern,Bombali,Sanda Tendaran,Masisan,Polygon,0.312512,0.004463
Northern,Bombali,Sanda Tendaran,Mateboi,Polygon,0.300191,0.00416
Northern,Bombali,Sanda Tendaran,Rogbin,Polygon,0.246525,0.003095
Northern,Bombali,Sanda Tendaran,Rogboreh,Polygon,0.192806,0.001373
Northern,Bombali,Sanda Tendaran,Rosos,Polygon,0.361792,0.005067
Northern,Bombali,Sanda Tendaran,Sendugu,Polygon,0.125511,0.001007
Northern,Bombali,Sanda Tendaran,Yankabala,Polygon,0.328493,0.003216
Northern,Kambia,Bramaia,Bugami,Polygon,0.285238,0.003575
Northern,Bombali,Sella Limba,Kamakwie,Polygon,0.177557,0.001265
Northern,Bombali,Sella Limba,Kamankoh,Polygon,0.520461,0.00951
Northern,Bombali,Sella Limba,Kayimbor,Polygon,0.597881,0.009087
Northern,Bombali,Sella Limba,Magbonkoni I,Polygon,0.401459,0.003877
Northern,Bombali,Sella Limba,Magbonkoni II,Polygon,0.342256,0.004943
Northern,Bombali,Sella Limba,Manonkoh,Polygon,0.199928,0.002086
Northern,Bombali,Sella Limba,Samia,Polygon,0.384066,0.004417
Northern,Bombali,Tambakha,Dugutha,Polygon,1.409748,0.068639
Northern,Bombali,Makeni Town,Makari Gbanti - Mi,Polygon,0.039868,0.000078
Northern,Bombali,Tambakha,Moria,Polygon,0.549034,0.016045
Northern,Bombali,Tambakha,Paramount Chief Se,Polygon,1.172842,0.042577
Northern,Bombali,Tambakha,Simibue,Polygon,1.052792,0.04738
Northern,Bombali,Tambakha,Thalla,Polygon,0.762717,0.028
Northern,Bombali,Makeni Town,Bombali Sebora - B,Polygon,0.033816,0.000047
Northern,Bombali,Makeni Town,Makari Gbanti -Mas,Polygon,0.026412,0.00004
Northern,Bombali,Makeni Town,Bombali Sebora - K,Polygon,0.125722,0.000545
Northern,Bombali,Makeni Town,Bombali Sebora - Makeni,Polygon,0.120668,0.000354
Northern,Bombali,Makeni Town,Bombali Sebora - R,Polygon,0.055236,0.000137
Northern,Bombali,Makeni Town,Bombali Sebora - T,Polygon,0.043114,0.000106
Northern,Bombali,Makeni Town,Bombali Sebora - W,Polygon,0.039553,0.00007
Northern,Kambia,Bramaia,Banguraia,Polygon,0.146362,0.000936
Northern,Kambia,Bramaia,Fortumboyie,Polygon,0.302329,0.003211
Northern,Kambia,Bramaia,Gberekhuray,Polygon,0.292912,0.003086
Northern,Kambia,Bramaia,Gbolon,Polygon,0.195405,0.001903
Northern,Kambia,Bramaia,Kabaya,Polygon,0.289314,0.001683
Northern,Kambia,Bramaia,Kanku Bramaia,Polygon,0.195309,0.001691
Northern,Kambia,Bramaia,Kua Bramaia,Polygon,0.135515,0.000799
Northern,Kambia,Gbinle Dixing,Katalan,Polygon,0.24072,0.001816
Northern,Kambia,Gbinle Dixing,Mafaray,Polygon,0.216899,0.002076
Northern,Kambia,Gbinle Dixing,Maton,Polygon,0.200359,0.001999
Northern,Kambia,Gbinle Dixing,Rogberay,Polygon,0.218293,0.00208
Northern,Kambia,Gbinle Dixing,Sanda,Polygon,0.227445,0.002677
Northern,Kambia,Gbinle Dixing,Tawuya,Polygon,0.238253,0.002627
Northern,Kambia,Magbema,Bombe,Polygon,0.388833,0.003124
Northern,Kambia,Magbema,Kamba,Polygon,0.338122,0.004947
Northern,Kambia,Magbema,Kambia,Polygon,0.405546,0.004425
Northern,Kambia,Magbema,Kargbulor,Polygon,0.34878,0.004583
Northern,Kambia,Magbema,Robat,Polygon,0.328879,0.003606
Northern,Kambia,Magbema,Rokupr,Polygon,0.243283,0.002167
Northern,Kambia,Magbema,Tormina,Polygon,0.330511,0.004532
Northern,Kambia,Mambolo,Kalenkay,Polygon,0.41645,0.004416
Northern,Kambia,Mambolo,Matetie,Polygon,0.193434,0.001344
Northern,Kambia,Mambolo,Mayakie,Polygon,0.305506,0.003496
Northern,Kambia,Mambolo,Robis,Polygon,0.303368,0.003855
Northern,Kambia,Mambolo,Rowollon,Polygon,0.152869,0.001671
Northern,Kambia,Mambolo,Tombo-Wallah,Polygon,0.300178,0.002793
Northern,Kambia,Masungbala,Bamoi,Polygon,0.176397,0.00113
Northern,Kambia,Samu,Mange,Polygon,0.187921,0.001598
Northern,Kambia,Masungbala,Benna,Polygon,0.337978,0.003286
Northern,Kambia,Masungbala,Kawula,Polygon,0.313783,0.005022
Northern,Kambia,Masungbala,Kayenkassa,Polygon,0.243428,0.002371
Northern,Kambia,Masungbala,Mapolon,Polygon,0.135991,0.00082
Northern,Kambia,Masungbala,Maserie,Polygon,0.167736,0.001454
Northern,Kambia,Masungbala,Matengha,Polygon,0.130819,0.000777
Northern,Kambia,Masungbala,Matilba,Polygon,0.151975,0.000904
Northern,Kambia,Masungbala,Nonko,Polygon,0.302797,0.003144
Northern,Kambia,Masungbala,Samu,Polygon,0.276334,0.002715
Northern,Kambia,Masungbala,Sumbuya,Polygon,0.143874,0.001184
Northern,Kambia,Masungbala,Thalla,Polygon,0.26716,0.002521
Northern,Kambia,Samu,Bubuya,Polygon,0.378806,0.003912
Southern,Bonthe,Kwamebai Krim,Kpanga Koimato,Polygon,0.264808,0.004093
Northern,Kambia,Samu,Kassiri,Polygon,0.269192,0.003107
Northern,Kambia,Samu,Koya,Polygon,0.207141,0.002217
Northern,Kambia,Samu,Kychom,Polygon,1.069513,0.007998
Northern,Kambia,Samu,Lusenia,Polygon,0.275476,0.00262
Northern,Kambia,Samu,Mafufuneh,Polygon,0.188355,0.001112
Northern,Kambia,Samu,Makuma,Polygon,0.31526,0.003748
Northern,Kambia,Samu,Mapotolon,Polygon,0.387534,0.005713
Northern,Kambia,Samu,Moribaia,Polygon,0.645366,0.009495
Northern,Kambia,Samu,Rokon,Polygon,0.231752,0.002117
Northern,Kambia,Samu,Rosinor,Polygon,0.179588,0.001135
Northern,Kambia,Tonko Limba,Bubuya,Polygon,0.483858,0.010718
Northern,Kambia,Tonko Limba,Kathanthineh,Polygon,0.959369,0.013982
Northern,Kambia,Tonko Limba,Magbonkoh,Polygon,0.338163,0.004878
Southern,Pujehun,Yakemu Kpukumu,Sowonde,Polygon,0.189461,0.001379
Northern,Kambia,Tonko Limba,Mamankoh,Polygon,0.468183,0.007281
Western,Western Area Rural,Koya Rural,Fabaina Area,Polygon,0.272269,0.002831
Western,Western Area Rural,Koya Rural,Madonkeh,Polygon,0.205483,0.00121
Western,Western Area Rural,Koya Rural,Magbafti,Polygon,0.376594,0.004401
Western,Western Area Rural,Koya Rural,Malambay,Polygon,0.246083,0.001736
Western,Western Area Rural,Koya Rural,Newton,Polygon,0.232608,0.002153
Western,Western Area Rural,Koya Rural,Songo,Polygon,0.21465,0.001328
Western,Western Area Rural,Mountain Rural,Bathurst,Polygon,0.130364,0.000806
Western,Western Area Rural,Mountain Rural,Charlotte,Polygon,0.142814,0.001023
Western,Western Area Rural,Mountain Rural,Gloucester,Polygon,0.081902,0.000327
Western,Western Area Rural,Mountain Rural,Leicester,Polygon,0.10555,0.00029
Western,Western Area Rural,Mountain Rural,Regent,Polygon,0.137583,0.000736
Western,Western Area Rural,Waterloo Rural,Benguema Village A,Polygon,0.280887,0.002276
Western,Western Area Rural,Waterloo Rural,Campbell Town Vill,Polygon,0.220728,0.001034
Western,Western Area Rural,Waterloo Rural,Waterloo Village A,Polygon,0.256694,0.001718
Western,Western Area Rural,Waterloo Rural,Hastings Village A,Polygon,0.482554,0.008614
Western,Western Area Rural,York Rural,Gbendembu,Polygon,0.102161,0.000425
Western,Western Area Rural,York Rural,Goderich-Adonkia/M,Polygon,0.175798,0.000977
Western,Western Area Rural,York Rural,Goderich-Funkia,Polygon,0.047467,0.000054
Western,Western Area Rural,York Rural,Hamilton,Polygon,0.308243,0.004987
Western,Western Area Rural,York Rural,Kent,Polygon,0.38668,0.001847
Western,Western Area Urban,Central I,Albert Academy,Polygon,0.021714,0.000017
Western,Western Area Urban,East I,Kossoh Town,Polygon,0.025265,0.000031
Western,Western Area Rural,York Rural,Sattia/Tombo,Polygon,0.358871,0.003931
Western,Western Area Rural,York Rural,York,Polygon,0.456026,0.007612
Western,Western Area Urban,East II,Bombay,Polygon,0.015385,0.00001
Western,Western Area Urban,Central I,Mountain Regent,Polygon,0.030871,0.000034
Western,Western Area Urban,Central I,Sorie Town,Polygon,0.037679,0.000064
Western,Western Area Urban,Central I,Susan's Bay,Polygon,0.021102,0.000019
Western,Western Area Urban,Central I,Tower Hill,Polygon,0.029311,0.000054
Western,Western Area Urban,Central II,Connaught Hospital,Polygon,0.030786,0.000033
Western,Western Area Urban,Central II,Sanders Brook,Polygon,0.031828,0.000033
Western,Western Area Urban,East I,Cline Town,Polygon,0.037963,0.000052
Western,Western Area Urban,East I,Fourah Bay,Polygon,0.03418,0.00006
Western,Western Area Urban,East II,Coconut Farm/ Asho,Polygon,0.028006,0.000031
Western,Western Area Urban,East II,Foulah Town,Polygon,0.022571,0.000023
Western,Western Area Urban,East II,Ginger Hall,Polygon,0.020182,0.000019
Western,Western Area Urban,East II,Kissy Brook,Polygon,0.034681,0.000017
Western,Western Area Urban,East II,Magazine,Polygon,0.02029,0.000017
Western,Western Area Urban,East II,Mount Aureol,Polygon,0.016971,0.000014
Western,Western Area Urban,East II,Quarry,Polygon,0.020736,0.000018
Western,Western Area Urban,East III,Congo Water I,Polygon,0.04069,0.000064
Western,Western Area Urban,East III,Allen Town I,Polygon,0.102388,0.000312
Western,Western Area Urban,East III,Congo Water II,Polygon,0.061331,0.000121
Western,Western Area Urban,East III,Allen Town II,Polygon,0.165988,0.000763
Western,Western Area Urban,East III,Bottom Oku,Polygon,0.037276,0.000076
Western,Western Area Urban,East III,Grass Field,Polygon,0.02959,0.00005
Western,Western Area Urban,East III,Industrial Estate,Polygon,0.074593,0.000216
Western,Western Area Urban,East III,Kuntolor,Polygon,0.059014,0.000099
Western,Western Area Urban,East III,Jalloh Terrace,Polygon,0.056331,0.000094
Western,Western Area Urban,East III,Kissy Brook,Polygon,0.031499,0.00004
Western,Western Area Urban,East III,Lowcost Housing,Polygon,0.032344,0.000038
Western,Western Area Urban,East III,Kissy Bye Pass I,Polygon,0.067149,0.000105
Western,Western Area Urban,East III,Mamba Ridge I,Polygon,0.046519,0.000084
Western,Western Area Urban,East III,Mamba Ridge II,Polygon,0.046032,0.000099
Western,Western Area Urban,East III,Kissy Bye Pass II,Polygon,0.072902,0.000122
Western,Western Area Urban,East III,Kissy Mental,Polygon,0.025292,0.000023
Western,Western Area Urban,East III,Kissy Mess Mess,Polygon,0.035578,0.000055
Western,Western Area Urban,East III,Mayenkineh,Polygon,0.066926,0.000121
Western,Western Area Urban,East III,Old Warf,Polygon,0.051842,0.000107
Eastern,Kono,Nimiyama,Njaifeh,Polygon,0.327047,0.005413
Western,Western Area Urban,East III,Pamuronko,Polygon,0.063042,0.00013
Western,Western Area Urban,East III,Portee,Polygon,0.02442,0.000029
Western,Western Area Urban,East III,Thunderhill,Polygon,0.054198,0.000153
Western,Western Area Urban,East III,Robis,Polygon,0.058294,0.000134
Western,Western Area Urban,East III,Rokupa,Polygon,0.024484,0.000029
Western,Western Area Urban,East III,Shell,Polygon,0.024854,0.00003
Western,Western Area Urban,West III,Cockerill-Aberdeen,Polygon,0.053604,0.000064
Western,Western Area Urban,West I,Ascension Town,Polygon,0.024119,0.000027
Western,Western Area Urban,West I,Brookfields,Polygon,0.036512,0.000047
Western,Western Area Urban,West I,Kingtom,Polygon,0.039911,0.000074
Western,Western Area Urban,West I,Kroo Town,Polygon,0.028921,0.000034
Western,Western Area Urban,West II,Brookfields-Congo,Polygon,0.027568,0.000041
Western,Western Area Urban,West II,Brookfields-Red Pu,Polygon,0.044141,0.000052
Western,Western Area Urban,West II,Congo Town,Polygon,0.042023,0.000067
Western,Western Area Urban,West II,George Brook (Dwor,Polygon,0.06604,0.00019
Western,Western Area Urban,West II,New England-Hannes,Polygon,0.041406,0.000051
Western,Western Area Urban,West II,New England-Hill C,Polygon,0.041911,0.000091
Western,Western Area Urban,West III,Cockle-Bay /Colleg,Polygon,0.05562,0.00008
Western,Western Area Urban,West II,Tengbeh Town,Polygon,0.038756,0.000056
Western,Western Area Urban,West III,Aberdeen,Polygon,0.125828,0.00032
Western,Western Area Urban,West III,Hill Station,Polygon,0.066892,0.000162
Western,Western Area Urban,West III,Juba/Kaningo,Polygon,0.104057,0.000305
Eastern,Kono,Nimiyama,Njagbakahun,Polygon,0.343122,0.005887
Western,Western Area Urban,West III,Lumley,Polygon,0.086717,0.000198
Western,Western Area Urban,West III,Malama/Kamayama,Polygon,0.061766,0.000174
Western,Western Area Urban,West III,Murray Town,Polygon,0.049205,0.000107
Western,Western Area Urban,West III,Pipeline/Wilkinson,Polygon,0.083961,0.000142
Western,Western Area Urban,West III,Wilberforce,Polygon,0.082507,0.000147
Eastern,Kailahun,Malema,Lower Sami,Polygon,0.7599,0.017409
Eastern,Kailahun,Penguia,Jagor,Polygon,0.208493,0.000996
Eastern,Kenema,Nomo,Ngiewoma-Njeigor,Polygon,0.561358,0.012069
Northern,Kambia,Bramaia,Kufuru,Polygon,0.281409,0.00409
Eastern,Kenema,Tunkia,Gorahun,Polygon,0.741592,0.024868
Eastern,Kono,Gbane,Gbane Yemao,Polygon,0.333783,0.005962
Eastern,Kono,Gbane,Mongo,Polygon,0.692126,0.011709
Eastern,Kono,Gorama Kono,Bunabu,Polygon,0.501905,0.011487
Eastern,Kono,Gorama Kono,Kangama,Polygon,0.471885,0.010005
Eastern,Kono,Gorama Kono,Selokoma,Polygon,0.352124,0.004582
Eastern,Kono,Lei,Koaro,Polygon,0.48325,0.008668
Eastern,Kono,Nimiyama,Peyifeh,Polygon,0.312928,0.005446
Eastern,Kono,Nimiyama,Tama,Polygon,0.332085,0.005037
Eastern,Kono,Sandor,Fakongofeh,Polygon,0.504986,0.011608
Eastern,Kono,Sandor,Kawafeh,Polygon,0.546719,0.011211
Eastern,Kono,Sandor,Samgbafeh,Polygon,0.444742,0.008288
Eastern,Kono,Sandor,Sinkongofeh,Polygon,0.464391,0.008905
Eastern,Kono,Sandor,Sumunjifeh,Polygon,0.555201,0.010354
Eastern,Kono,Sandor,Tharma Forest,Polygon,0.679573,0.016775
Eastern,Kono,Sandor,Yawatanda,Polygon,0.779991,0.020114
Eastern,Kono,Soa,Sawa Fiama,Polygon,0.426417,0.006525
Eastern,Kono,Toli,Komadu,Polygon,0.299061,0.004133
Eastern,Kono,Toli,Kwidu,Polygon,0.250832,0.002808
Northern,Kambia,Bramaia,Konta,Polygon,0.423032,0.008708
Northern,Kambia,Tonko Limba,Kamassassa,Polygon,0.665179,0.024143
Northern,Kambia,Tonko Limba,Yebaya,Polygon,0.90728,0.011958
Northern,Tonkolili,Kholifa Mabang,Marunia Koray,Polygon,0.341687,0.003653
Northern,Koinadugu,Neya,Saradu,Polygon,1.016137,0.031629
Northern,Koinadugu,Nieni,Sumbaria,Polygon,0.759689,0.017618
Southern,Bonthe,Imperri,Kahekay,Polygon,0.448886,0.005227
Northern,Port Loko,Lokomasama,Yurika,Polygon,0.575006,0.010816
Southern,Bonthe,Kpanda Kemo,Ba-Kobotu,Polygon,0.303988,0.002177
Southern,Moyamba,Bagruwa,Benkeh,Polygon,0.943669,0.018941
Southern,Moyamba,Kamajei,Njagbema,Polygon,0.312043,0.002831
Southern,Moyamba,Kamajei,Yeima,Polygon,0.354564,0.004961
Southern,Moyamba,Ribbi,Lower Ribbi,Polygon,0.406057,0.006627
Southern,Pujehun,Mono Sakrim,Pembaar,Polygon,0.293314,0.004047
,,,,,,
,,,,,,
,,,,,,
,,,,,,
,,,,,,
,,,,,,